input_role,source_file,SHA256
ccRCC expression,bulkRNA_matrix_TPM.csv,db22d51387f5223e38f54275c87aaa9d69bae7c8c9020dcc5b3db132e4435cae
ccRCC metadata,tumor_sarcosine_group_map.csv,8bce7eefdc605399f7e02425d495eec5498f4fc473312cb5be81ce50fbb2a3eb
ccRCC named-cell deconvolution,core_celltype_values_long.csv,5e7b4959a0bc3377fd035c69af7e606ee19e220f756fc7ec043243f4c9ab1d01
ccRCC signed TF regulon,DoRothEA_AB_signed_regulon_tested.csv,27d2a621f11e7bdd9c626413dceaf75c6f05cf1b0386ccb6922ea51c8de3091e
Prior exact common-pathway table,01_all_exact_common_pathway_sets.csv,a749745d5f95581edbd47cad16a04bba0b05651a103ce8d584d666484932064b
TIGER expression,TIGER_PRJEB23709_expression_FPKM_gene_by_sample.csv,260cf748169e0b7c0fcbbe343bd98ab0c4dd0f8f707a28c0b9850a40b62e8399
TIGER PRE73 metadata,TIGER_PRE73_analysis_data.csv,ec8a6a525e74d84cb7ea79ff150af4fe6e3a2296fa89100b00e5e5977d623591
TIGER signed TF regulon,01_DoRothEA_AB_signed_regulon_all.csv,119741fa9538d472b2f9a41297fd72d0bb3b936e3071b9fb0e4f73374f4d9530
TIGER named-cell context,14_sample_level_scores.csv,3596997b11b9623ac46864af2fac8e088b515d642eaf95bb1585f38ef672357b
