pathway,candidate_order,candidate,candidate_class,collection,tiger_NES,tiger_pval,tiger_q,tiger_size,tiger_leading_edge,tiger_model,tiger_direction,description,MSigDB_version,ccrcc_NES_high_minus_low,ccrcc_pval,ccrcc_q,ccrcc_size,ccrcc_leading_edge,ccrcc_model,ccrcc_direction,tiger_harmonized_NES,ccrcc_harmonized_NES,target_direction_aligned,opposite_direction_aligned,both_BH_q_lt_0_05,strict_target_common,max_q,min_abs_harmonized_NES,shared_leading_edge_genes,shared_leading_edge_n,leading_edge_union_n,leading_edge_jaccard,exact_replication_pass,screen_decision
REACTOME_ANTIGEN_PROCESSING_CROSS_PRESENTATION,1,APC cross-presentation,Upstream immune context,Reactome,2.10102440900307,2.64261243405906e-07,2.08151401142619e-06,90,BTK;PSMB10;CYBB;HLA-B;PSMB9;NCF1;B2M;NCF4;HLA-F;HLA-C;HLA-E;PSME1;TLR1;CYBA;VAMP8;TAPBP;CTSS;TAP1;NCF2;HLA-A;PSMB8;STX4;CD14;FCGR1A;TLR2;LY96;LNPEP;TLR4;PSME2;MYD88,Adjusted Degradation High vs Low,Higher in Degradation-High,Antigen processing-Cross presentation,2026.1.Hs,-2.13586727709292,3.54378394265903e-07,1.03248624059093e-05,96,PSMA4;PSMC1;HLA-C;PSMD7;PSMD13;PSMA5;CTSL;PSMA6;HLA-B;PSMB1;PSMA3;TAP1;PSMC6;PSMD12;PSMB2;MRC1;PSMD14;HLA-A;PSMD11;PDIA3;HLA-F;PSMD6;PSMB8;PSMC2;B2M;TAPBP;LY96;CALR;PSMB9;HMGB1;PSMD1;PSMB7;PSMC5;CHUK;PSMD3;CTSS;TAP2;PSMB5;PSMB6;PSMC3;HLA-E;SEC61G;ADRM1;SEC22B,Adjusted Sarcosine High vs Low,Sarcosine-Low,2.10102440900307,2.13586727709292,TRUE,FALSE,TRUE,TRUE,1.03248624059093e-05,2.10102440900307,B2M;CTSS;HLA-A;HLA-B;HLA-C;HLA-E;HLA-F;LY96;PSMB8;PSMB9;TAP1;TAPBP,12,62,0.193548387096774,TRUE,Advance
REACTOME_TCR_SIGNALING,2,TCR signaling,T-cell receptor,Reactome,2.39907450409897,6.19010463665345e-12,8.89827541518933e-11,101,INPP5D;WAS;HLA-DPB1;PTPN22;LCK;CD4;TRAT1;EVL;CARD11;CD3E;PTPRC;ITK;HLA-DPA1;CD3G;PLCG2;HLA-DRA;CD247;HLA-DRB1;CD3D;ZAP70;TRAV8-4;NFKBIA;GRAP2;PRKCQ;LCP2;TRAV19;HLA-DQB2;NFKB1;HLA-DQA1;TRBV7-9;HLA-DQB1;TAB2;HLA-DRB5,Adjusted Degradation High vs Low,Higher in Degradation-High,TCR signaling,2026.1.Hs,-1.99296943984677,3.26817913888035e-06,6.25404685609689e-05,102,PSMA4;PSMC1;PSMD7;PSMD13;PSMA5;PSMA6;PSMB1;HLA-DRB5;PSMA3;HLA-DQB1;HLA-DQA1;PSMC6;PSMD12;PSMB2;PSMD14;MAP3K7;PSMD11;TRAF6;HLA-DQB2;PAG1;CUL1;LCP2;PSMD6;PSMC2;EVL;PTPN22;PSMD1;PSMB7;HLA-DRB1;PSMC5;RELA;CHUK;NFKB1;PSMD3;GRAP2;PSMB5;HLA-DRA;PSMB6;PSMC3;ADRM1;PLCG1;RIPK2;ITK;PSMA7;CARD11;BTRC;NFKBIA,Adjusted Sarcosine High vs Low,Sarcosine-Low,2.39907450409897,1.99296943984677,TRUE,FALSE,TRUE,TRUE,6.25404685609689e-05,1.99296943984677,CARD11;EVL;GRAP2;HLA-DQA1;HLA-DQB1;HLA-DQB2;HLA-DRA;HLA-DRB1;HLA-DRB5;ITK;LCP2;NFKB1;NFKBIA;PTPN22,14,66,0.212121212121212,TRUE,Advance
REACTOME_REGULATION_OF_T_CELL_ACTIVATION_BY_CD28_FAMILY,3,CD28-family regulation (broad),Co-stimulatory/checkpoint mixture,Reactome,1.66969973243483,0.0001028024030157,0.00048584697315639,200,PIK3CG;VAV1;HLA-DPB1;PTPN6;NFKB2;LCK;CD4;CD3E;ICOS;HLA-DPA1;CD3G;HLA-DRA;PIK3R5;CD247;HLA-DRB1;PDCD1;CD3D;LYN;IRF1;PRKAG2;TRAV8-4;CD86;GRAP2;CD80;PDCD1LG2;PIK3R6;TRAV19;HLA-DQB2;STAT1;BTLA;NFKB1;CD274;JAK1;TCF7;HLA-DQA1;CTLA4;TRBV7-9;MAP3K8;MAP3K14;HLA-DQB1;HLA-DRB5;CD28,Adjusted Degradation High vs Low,Higher in Degradation-High,Regulation of T cell activation by CD28 family,2026.1.Hs,-1.49708509212372,0.00060441998725629,0.0055795128637508,202,PSMA4;PSMC1;PSMD7;PSMD13;PSMA5;HIF1A;CD274;PSMA6;PSMB1;TRIB3;HLA-DRB5;PSMA3;HLA-DQB1;HLA-DQA1;CD80;PSMC6;PSMD12;PSMB2;CSNK2A2;PPP2R5E;PSMD14;YES1;EZH2;PSMD11;VCP;HLA-DQB2;NFKB2;CUL1;SUZ12;CSNK2A1;TEAD4;MAPKAP1;ATF3;STAT3;PSMD6;GRB2;CD28;PSMC2;PPP2R1B;PPP2R5C;STAT1;PIK3R6;AGO2;AKT1;DERL1;TNFRSF14;PSMD1;PSMB7;COPS5;HLA-DRB1;KMT2A;PSMC5;YWHAG;RELA;NFKB1;PSMD3;CD86;GRAP2;IRF1;PSMB5;SEL1L;HLA-DRA;STT3B;PSMB6;LYN;PSMC3,Adjusted Sarcosine High vs Low,Sarcosine-Low,1.66969973243483,1.49708509212372,TRUE,FALSE,TRUE,TRUE,0.0055795128637508,1.49708509212372,CD274;CD28;CD80;CD86;GRAP2;HLA-DQA1;HLA-DQB1;HLA-DQB2;HLA-DRA;HLA-DRB1;HLA-DRB5;IRF1;LYN;NFKB1;NFKB2;PIK3R6;STAT1,17,91,0.186813186813187,TRUE,Retain only as a mixed regulatory sensitivity node
REACTOME_CO_STIMULATION_BY_CD28,4,CD28 co-stimulation (specific),Specific co-stimulation,Reactome,1.70520439020727,0.003690447251459,0.011071341754377,45,PIK3CG;VAV1;LCK;PIK3R5;LYN;CD86;GRAP2;CD80;PIK3R6;CTLA4;MAP3K8;MAP3K14;CD28,Adjusted Degradation High vs Low,Higher in Degradation-High,Co-stimulation by CD28,2026.1.Hs,-1.03050576333127,0.389072067828545,0.689835014998637,47,TRIB3;CD80;PPP2R5E;YES1;MAPKAP1;GRB2;CD28;PPP2R1B;PPP2R5C;PIK3R6;AKT1,Adjusted Sarcosine High vs Low,Sarcosine-Low,1.70520439020727,1.03050576333127,TRUE,FALSE,FALSE,FALSE,0.689835014998637,1.03050576333127,CD28;CD80;PIK3R6,3,21,0.142857142857143,FALSE,Do not advance as a shared core node
HALLMARK_TNFA_SIGNALING_VIA_NFKB,5,Canonical NF-kappaB,Downstream branch,Hallmark,2.31174097977251,8.81170951442577e-14,4.22545026392333e-13,183,TNIP1;RELB;IL18;NFKB2;CCL5;CSF1;CFLAR;PTPRE;BIRC3;IL15RA;TNFAIP8;PLEK;IRF1;NFKBIA;CD80;IFIH1;TNFRSF9;TNFAIP2;ID2;GPR183;CD69;EGR2;IFIT2;ZC3H12A;TRAF1;PFKFB3;GCH1;REL;PTGER4;ABCA1;TNFAIP3;TAP1;IL7R;NFKB1;CCL4;ZFP36;CXCL11;FOSL2;CXCL10;TLR2;MAP3K8;TANK;BCL6;CCRL2;CCL2;TNF;AREG;EHD1;SMAD3;KLF2;JUNB;CD83;DUSP2;OLR1;JUN;DRAM1;SOD2;IL1B;SDC4;PTX3;CLCF1;PNRC1;PLAU;BTG1;BTG2;SAT1;PLAUR;TNIP2;G0S2;DUSP1;KLF6;MCL1;PDE4B;EGR3;STAT5A;CEBPD;MXD1;BCL3;KYNU;PER1;TIPARP;PMEPA1;EDN1;LITAF;IL6ST;LDLR;FOS;RIPK2;ATF3;ICAM1;CXCL2;GEM,Adjusted Degradation High vs Low,Higher in Degradation-High,Genes regulated by NF-kB in response to TNF [GeneID=7124].,2026.1.Hs,-2.18582069700479,6.66987429544879e-11,8.33734286931099e-10,193,SLC16A6;PFKFB3;PTPRE;CXCL11;FJX1;BTG3;SERPINB8;RELB;TNFSF9;TGIF1;PMEPA1;SLC2A3;TUBB2A;DUSP5;TAP1;CD80;IFIT2;IL15RA;TNFAIP3;PLAU;NAMPT;BHLHE40;BCL2A1;DENND5A;GADD45B;CXCL10;CLCF1;DRAM1;SMAD3;LIF;SPHK1;PHLDA1;NFKB2;DUSP4;IFNGR2;PLAUR;ZC3H12A;PLEK;PANX1;FOSL1;ATF3;ACKR3;NFIL3;CCL2;CDKN1A;MAFF;INHBA;PLK2;HES1;BIRC2;YRDC;VEGFA;IL6;LDLR;SERPINE1;B4GALT5;CCRL2;SLC2A6;KLF6;SAT1;FOSL2;ICAM1;RELA;NFKB1;TRIB1;HBEGF;TNIP2;FUT4;IRF1;NINJ1;ETS2;BMP2;PDE4B;BCL3;KYNU;IER3;MAP2K3;TRAF1;GEM;PPP1R15A;CD44;RIPK2;MAP3K8;GCH1;KLF10;SOCS3;TIPARP;MXD1;CCL4;EIF1;NFKBIA,Adjusted Sarcosine High vs Low,Sarcosine-Low,2.31174097977251,2.18582069700479,TRUE,FALSE,TRUE,TRUE,8.33734286931099e-10,2.18582069700479,ATF3;BCL3;CCL2;CCL4;CCRL2;CD80;CLCF1;CXCL10;CXCL11;DRAM1;FOSL2;GCH1;GEM;ICAM1;IFIT2;IL15RA;IRF1;KLF6;KYNU;LDLR;MAP3K8;MXD1;NFKB1;NFKB2;NFKBIA;PDE4B;PFKFB3;PLAU;PLAUR;PLEK;PMEPA1;PTPRE;RELB;RIPK2;SAT1;SMAD3;TAP1;TIPARP;TNFAIP3;TNIP2;TRAF1;ZC3H12A,42,141,0.297872340425532,TRUE,Advance
REACTOME_TNFR2_NON_CANONICAL_NF_KB_PATHWAY,6,Noncanonical NF-kappaB,Downstream branch,Reactome,1.9713097802516,2.65504531239606e-05,0.00014164803599638,71,TNFRSF1B;RELB;NFKB2;CD27;BIRC3;TNFSF12;TNFRSF9;TNFSF8;CD40;LTB;FASLG;CD40LG;TRAF3;TNFSF13B;TNFRSF25;MAP3K14;TNFRSF11A;TNF;TNFRSF13B,Adjusted Degradation High vs Low,Higher in Degradation-High,TNFR2 non-canonical NF-kB pathway,2026.1.Hs,-2.1184089071372,2.23563447089702e-06,4.6346422300519e-05,85,PSMA4;PSMC1;TNFSF4;PSMD7;PSMD13;PSMA5;PSMA6;PSMB1;RELB;TNFSF9;PSMA3;PSMC6;PSMD12;TNFRSF4;TRAF3;PSMB2;PSMD14;PSMD11;TRAF2;NFKB2;CUL1;TNFSF15;CD70;PSMD6;EDA;UBA3;PSMC2;BIRC2;TNFRSF12A;TNFRSF14;PSMD1;PSMB7;PSMC5;CHUK;PSMD3,Adjusted Sarcosine High vs Low,Sarcosine-Low,1.9713097802516,2.1184089071372,TRUE,FALSE,TRUE,TRUE,0.00014164803599638,1.9713097802516,NFKB2;RELB;TRAF3,3,51,0.0588235294117647,TRUE,Advance
REACTOME_CD28_DEPENDENT_PI3K_AKT_SIGNALING,7,CD28-PI3K-AKT,Downstream branch,Reactome,1.72300009967972,0.00475844323297833,0.0135471125361111,24,PIK3CG;LCK;PIK3R5;CD86;CD80;PIK3R6;MAP3K8;MAP3K14;CD28,Adjusted Degradation High vs Low,Higher in Degradation-High,CD28 dependent PI3K/Akt signaling,2026.1.Hs,0.703329813606199,0.883561150561021,0.97003019217682,26,PIK3R1;PIK3CA;PDPK1;MLST8;AKT2,Adjusted Sarcosine High vs Low,Sarcosine-High,1.72300009967972,-0.703329813606199,FALSE,FALSE,FALSE,FALSE,0.97003019217682,0.703329813606199,"",0,14,0,FALSE,Do not advance as a shared core node
REACTOME_MAPK_FAMILY_SIGNALING_CASCADES,8,MAPK/AP-1,Downstream branch,Reactome,1.07412127796292,0.301621621621622,0.444065972088732,246,APBB1IP;PTPN7;RASGRP1;CSF2RB;IL2RB;RASAL3;IL2RG;JAK3;ARRB2;FLT3;PRKCQ;IL2RA;JAK2;GFRA1;RASA2;CAMK2G;JAK1;RALGDS;CAMK2D;DLG3;BTC;AREG;RGL1;MAPK3;RAP1A;HGF;DUSP2;JUN;PIK3R1;MOV10;CDC14A;CCND3;SPTA1;FGF5;TYK2;RASGRF2;USP17L2;UBC;DUSP1;KSR1;PDGFB;NCOA3;PRKACB;RASA1;GFRA3;RASGRP3;ARAF;FGF2;GRB2;IL6ST;FOXO1;TLN1;SHOC2;IL6R;PAK3;KITLG;FGF7;PDGFRB;NCAM1;PEBP1;PAK1;EGFR;HBEGF;ERBB2;RASA3;PDGFRA;ACTB;SPTBN5;CSK,Adjusted Degradation High vs Low,Higher in Degradation-High,MAPK family signaling cascades,2026.1.Hs,-1.25227099691302,0.0139826422372228,0.074620239265971,280,PSMA4;SPRED3;PSMC1;ITGB3;PSMD7;PSMD13;PSMA5;PDGFA;MAPK6;NEFL;PSMA6;PSMB1;MAP2K1;PSMA3;RASGRP1;LYPLA1;RASGRF2;DUSP5;PSMC6;YWHAB;PSMD12;RASA3;LRRC7;PSMB2;IL2RA;ACTN2;PPP2R5E;EREG;PSMD14;RALGDS;PSMD11;ABHD17C;NCAM1;NRG4;DUSP4;HRAS;PTPN3;PDGFB;PSMD6;CDC14A;CDK1;RASA1;BTC;GRB2;FN1;MET;PSMC2;SPTBN2;SHOC2;MRAS;PPP2R1B;NRAS;PPP2R5C;DAB2IP;CALM1;IQGAP1;RANBP9;FNTA;IL6;AGO2,Adjusted Sarcosine High vs Low,Sarcosine-Low,1.07412127796292,1.25227099691302,TRUE,FALSE,FALSE,FALSE,0.444065972088732,1.07412127796292,BTC;CDC14A;GRB2;IL2RA;NCAM1;PDGFB;RALGDS;RASA1;RASA3;RASGRF2;RASGRP1;SHOC2,12,117,0.102564102564103,FALSE,Do not advance as a shared core node
GOBP_CALCINEURIN_MEDIATED_SIGNALING,9,Calcineurin-NFAT,Downstream branch,GO:BP,1.19365620569524,0.181568088033012,0.344713472573135,45,PLCG2;CLEC7A;AKAP5;TBC1D10C;NFAM1;TNF;CIB1,Adjusted Degradation High vs Low,Higher in Degradation-High,"Any intracellular signal transduction in which the signal is passed on within the cell by activation of a transcription factor as a consequence of dephosphorylation by Ca(2+)-activated calcineurin. The process begins with calcium-dependent activation of the phosphatase calcineurin. Calcineurin is a calcium- and calmodulin-dependent serine/threonine protein phosphatase with a conserved function in eukaryotic species from yeast to humans. In yeast and fungi, calcineurin regulates stress signaling and cell cycle, and sporulation and virulence in pathogenic fungi. In metazoans, calcineurin is involved in cell commitment, organogenesis and organ development and immune function of T-lymphocytes. By a conserved mechanism, calcineurin phosphatase activates fungal Crz1 and mammalian NFATc by dephosphorylation and translocation of these transcription factors to the nucleus to regulate gene expression. [GOC:di, PMID:25655284, PMID:25878052, PMID:26851544]",2026.1.Hs,0.995196979204776,0.471052171926855,0.836739538284522,46,CALM3;ADGRB2;LMCD1;ERBB3;IGF1;RCAN2;NFAT5;CHP1;TPRG1L;NFATC4;PLCG2;MYOZ1;PTBP1;SPPL3;NFATC3;MAPK7;NFATC1;HOMER2;CHERP;NFAM1;NFATC2;GSK3B,Adjusted Sarcosine High vs Low,Sarcosine-High,1.19365620569524,-0.995196979204776,FALSE,FALSE,FALSE,FALSE,0.836739538284522,0.995196979204776,NFAM1;PLCG2,2,27,0.0740740740740741,FALSE,Do not advance as a shared core node
REACTOME_INTERLEUKIN_12_FAMILY_SIGNALING,10,IL-12/STAT4,Parallel cytokine branch,Reactome,1.43821949210785,0.0450819672131148,0.0954188876596601,46,IL12RB1;STAT4;JAK2;LCP1;STAT1;IFNG;JAK1;CA1;STAT3;PSME2;SOD2;CNN2;TYK2;IL27RA,Adjusted Degradation High vs Low,Higher in Degradation-High,Interleukin-12 family signaling,2026.1.Hs,-1.32092139458203,0.0737949442612655,0.260733097834984,47,TCP1;PITPNA;TALDO1;SNRPA1;ANXA2;HNRNPF;RALA;STAT3;MTAP;STAT1;HSPA9;GSTO1;CFL1;IL12RB1;CAPZA1;LMNB1,Adjusted Sarcosine High vs Low,Sarcosine-Low,1.43821949210785,1.32092139458203,TRUE,FALSE,FALSE,FALSE,0.260733097834984,1.32092139458203,IL12RB1;STAT1;STAT3,3,27,0.111111111111111,FALSE,Do not advance as a shared core node
HALLMARK_INTERFERON_GAMMA_RESPONSE,11,IFNG response,Outcome,Hallmark,3.221864683358,3.12651311816447e-50,1.56325655908224e-48,191,IL10RA;CIITA;DDX60;IRF8;NLRC5;CD74;PTPN6;TRIM21;TRIM14;SAMHD1;CCL5;CSF2RB;TRAFD1;IL2RB;IRF5;HLA-DMA;SP110;SAMD9L;PSMB10;EIF4E3;EPSTI1;IL15RA;HLA-DRB1;PIM1;RNF213;GZMA;HLA-B;DHX58;TNFSF10;IL4R;ST8SIA4;IRF1;PSMB9;OAS3;IRF2;OASL;IFI44L;NFKBIA;IFI44;CD86;VAMP5;B2M;IFIH1;CD38;SECTM1;PML;OAS2;TNFAIP2;PARP14;STAT4;PSME1;RSAD2;CD69;PARP12;XAF1;LCP2;CMKLR1;JAK2;APOL6;IFI35;IFIT2;GBP4;CD40;SOCS1;SLC25A28;LAP3;ITGB7;UBE2L6;GCH1;VAMP8;CMPK2;FGL2;IDO1;CASP8;TNFAIP3;IL7;IRF7;STAT1;HERC6;CXCL9;C1R;TAPBP;TAP1;MX2;NFKB1;VCAM1;CASP7;TXNIP;BANK1;IFIT3;CD274;HLA-A;MVP;PSMB8;ZNFX1;BATF2;NMI;HLA-DQA1;CXCL11;FCGR1A;IL18BP;C1S;MX1;CXCL10;ZBP1;SERPING1;NOD1;USP18;CCL2;FAS;IFIT1;STAT3;SELP;BST2;PSME2;RTP4;IFI27;CASP1;P2RY14;MYD88;OGFR;GPR18;SOD2;MT2A;IRF9;LYSMD2;PFKP;CCL7;RAPGEF6;ISG15;HELZ2;BTG1;CASP4;PLSCR1,Adjusted Degradation High vs Low,Higher in Degradation-High,Genes up-regulated in response to IFNG [GeneID=3458].,2026.1.Hs,-2.14104904831041,5.32556291440681e-10,5.32556291440681e-09,194,UPP1;IFIT3;CASP4;CASP7;CXCL11;HIF1A;CD274;PNP;PFKP;TOR1B;RIPK1;HLA-B;ISG20;PSMA3;HLA-DQA1;TAP1;IFIT2;IL15RA;TNFAIP3;PSMB2;NAMPT;IFNAR2;HLA-A;CMTR1;CXCL9;NUP93;CXCL10;ST8SIA4;IRF8;LAP3;IFI27;RNF213;SPPL2A;LCP2;STAT3;TRIM21;PNPT1;CCL2;SECTM1;CDKN1A;PSMB8;LY6E;PARP12;B2M;KLRK1;ZNFX1;TAPBP;BPGM;EPSTI1;TRIM14;IL18BP;STAT1;IL6;GBP4;PSMB9;LGALS3BP;HLA-DRB1;ICAM1;TRIM25;NLRC5;NFKB1;CD86;OASL;PTPN1;RTP4;IRF1;PIM1;PDE4B;APOL6;SAMD9L;ST3GAL5;CASP1;UBE2L6,Adjusted Sarcosine High vs Low,Sarcosine-Low,3.221864683358,2.14104904831041,TRUE,FALSE,TRUE,TRUE,5.32556291440681e-09,2.14104904831041,APOL6;B2M;CASP1;CASP4;CASP7;CCL2;CD274;CD86;CXCL10;CXCL11;CXCL9;EPSTI1;GBP4;HLA-A;HLA-B;HLA-DQA1;HLA-DRB1;IFI27;IFIT2;IFIT3;IL15RA;IL18BP;IRF1;IRF8;LAP3;LCP2;NFKB1;NLRC5;OASL;PARP12;PFKP;PIM1;PSMB8;PSMB9;RNF213;RTP4;SAMD9L;SECTM1;ST8SIA4;STAT1;STAT3;TAP1;TAPBP;TNFAIP3;TRIM14;TRIM21;UBE2L6;ZNFX1,48,159,0.30188679245283,TRUE,Advance
