score_1,score_2,overlap_n
APC,APC,47
APC,TCR,0
APC,CD28_family,0
APC,Canonical_NFkB,0
APC,Noncanonical_NFkB,0
APC,IFNG_response,0
TCR,APC,0
TCR,TCR,32
TCR,CD28_family,0
TCR,Canonical_NFkB,0
TCR,Noncanonical_NFkB,0
TCR,IFNG_response,0
CD28_family,APC,0
CD28_family,TCR,0
CD28_family,CD28_family,185
CD28_family,Canonical_NFkB,0
CD28_family,Noncanonical_NFkB,0
CD28_family,IFNG_response,0
Canonical_NFkB,APC,0
Canonical_NFkB,TCR,0
Canonical_NFkB,CD28_family,0
Canonical_NFkB,Canonical_NFkB,170
Canonical_NFkB,Noncanonical_NFkB,0
Canonical_NFkB,IFNG_response,0
Noncanonical_NFkB,APC,0
Noncanonical_NFkB,TCR,0
Noncanonical_NFkB,CD28_family,0
Noncanonical_NFkB,Canonical_NFkB,0
Noncanonical_NFkB,Noncanonical_NFkB,37
Noncanonical_NFkB,IFNG_response,0
IFNG_response,APC,0
IFNG_response,TCR,0
IFNG_response,CD28_family,0
IFNG_response,Canonical_NFkB,0
IFNG_response,Noncanonical_NFkB,0
IFNG_response,IFNG_response,77
