cohort,sample_id,target_group,target_continuous_z,APC,TCR,CD28_family,Canonical_NFkB,Noncanonical_NFkB,IFNG_response,SPI1_activity,NFKB1_activity,RELA_activity,NFKB1_RELA_activity,NFKB2_activity,NFKB2_expression,RELB_expression,T_cell_context_z,APC_myeloid_context_z
Melanoma: Degradation-High,ERR2208888,Target,-0.137563804466171,-1.02850521338042,-1.88007483088932,0.464515152500752,-1.00405974066982,-1.43242808112194,-1.4034651266921,-0.788243706504845,0.221217564119079,0.554221157624532,0.433080513056463,0.139958011033201,-1.34245568048336,-1.11630062616727,-1.11282471244463,-2.22095830746655
Melanoma: Degradation-High,ERR2208889,Reference,-0.43397827847618,-1.82720468616334,-0.849152462843173,-0.0428963071984583,-1.24344662429683,-1.51665362168458,-2.11473767446474,-1.52298977464887,1.40631898595122,1.29560872102171,1.50901961014555,0.201088118888491,-2.24495397582622,-1.85158668192513,-0.831501733892398,-1.02399145849651
Melanoma: Degradation-High,ERR2208890,Target,1.54501752164684,0.28729283436889,0.510847002956008,0.161060600718416,1.88639334520112,0.745711159211139,0.776623706046954,0.797073927781525,0.238152975382348,-0.519606775533538,-0.157191216730947,-0.812573655318009,0.0122118122656277,0.0283336706262473,0.459056348250499,0.775583265696853
Melanoma: Degradation-High,ERR2208892,Target,0.855117374434935,1.96872076998078,1.77619838119529,1.07748766729358,-0.108711634741347,0.811311777356101,1.67487770378661,1.88052757966853,-0.423022101760996,-0.390411116466424,-0.454300340709035,-1.91947165209447,0.777271213263212,0.838003369669165,1.65220535118978,2.50540475039605
Melanoma: Degradation-High,ERR2208893,Reference,-0.326067747368809,-0.667352476876495,-0.590443421311018,0.974516816079968,-1.1611289404601,-1.16499249519945,-1.02691524711105,-0.859186945765048,0.151595442623299,-0.337883601375338,-0.104041453059332,1.04781103061043,-0.954874267927226,-1.37004308130222,-1.0362016370333,-0.224974524155674
Melanoma: Degradation-High,ERR2208894,Reference,-1.09652691701144,-0.335532488188549,-1.20021011675526,1.90686995873119,-1.30429019738685,-0.62597896048931,-0.655387438672207,-0.300859457989785,0.280207973783791,-0.0411055879688427,0.133538061768341,0.184524111930184,-1.1558379307468,-0.781977125858103,-0.565151090810747,-0.490732505159517
Melanoma: Degradation-High,ERR2208895,Target,2.13514671166133,-0.355504814773664,-0.910922550094305,0.763268019438398,-0.0512058959537557,0.0339769575631115,-0.321909628710801,0.336516885431454,-0.0185060643124443,-0.87642253824523,-0.49981530129563,1.36799943443864,-0.805069934368111,0.606235635440839,-0.689885221862845,-0.326444643619418
Melanoma: Degradation-High,ERR2208897,Reference,-0.205766078213854,-0.0919066184097563,0.464473768943094,1.59543306098053,-0.76453579395787,0.668863338416334,-0.232160501717766,0.619525890677375,-1.39008136641549,-0.935985747909372,-1.29910244488494,1.34395542360777,-0.0446193236196745,-0.914141703075734,0.580733440731876,0.568442046340368
Melanoma: Degradation-High,ERR2208898,Target,1.59248057688903,-0.511213804628379,-1.16441617960752,-0.499014926955189,0.362644429038801,0.168378533401289,-0.183140013751338,1.02816298111692,-1.99737004769512,-1.29103475476632,-1.83656554548254,1.44140154545153,-0.873225146597955,0.117106140717573,-0.903155243462162,-0.175713105206016
Melanoma: Degradation-High,ERR2208899,Target,1.59942237145524,-0.602005422527586,3.2072757424963,-0.628352046597006,-0.465694322987066,2.61607303349308,0.763607663240685,0.278556534837475,0.0463794232902829,-0.545050210768591,-0.278506340258285,1.07420422488928,1.40452646667386,1.29942661704573,3.6583035666307,0.251728838058734
Melanoma: Degradation-High,ERR2208900,Target,0.456482004745214,0.400721415863204,1.11233024101108,1.69560747345744,1.22662382285157,1.1921481366313,0.794121118452291,1.08153116316344,-0.236266046307115,-0.539392207768633,-0.433203121294056,-0.484705915307031,0.217868689482887,0.780107030423275,0.701754689170232,1.36500519954449
Melanoma: Degradation-High,ERR2208901,Reference,-0.969917800747633,-0.633670982011085,-1.08508031442428,-0.904012526106583,-1.7027129691348,-1.29247456857925,-1.27060340079451,-0.0947048581248088,1.21013344657745,-0.214512112026064,0.556051930715988,0.523254178973317,-1.93855178669553,-1.5367990199111,-1.13897749953384,-1.5651124156071
Melanoma: Degradation-High,ERR2208902,Target,0.894138465049048,0.437315571911558,-0.477381834087243,0.52768900467075,-0.43398477268176,-0.379246801156476,0.0983330290895358,0.453930976062695,0.908541169629961,0.221754369738647,0.631267124492447,-1.74635605463465,-0.322111759973476,-0.221292619144856,0.0546910560738215,0.516598666153124
Melanoma: Degradation-High,ERR2208903,Reference,-0.661916753447606,-1.29891789389011,-1.30060976438577,0.304406110238099,-0.444192844111622,-0.523592036685546,-1.0427364794127,-0.610870593382678,-0.326231242585247,0.919064580023065,0.331095879964883,0.29268507019888,-1.19986612164712,-0.650700822415002,-0.900114274510612,-0.713026732635706
Melanoma: Degradation-High,ERR2208904,Reference,-0.335543154935701,-0.256317207316748,0.75324553251777,0.25946525462414,0.229743544633064,0.473898124236519,0.284847341502788,0.0452734353693382,0.390987620661513,-0.388191252361965,0.00156176443593143,0.550939961487119,0.467284970999174,0.425963217410421,0.805659826223457,-0.630874918786223
Melanoma: Degradation-High,ERR2208906,Target,0.175278472860546,1.35715362808127,0.680767527888033,1.33111442756249,0.10928263903175,0.538761374102313,1.32886193983144,0.903661551510588,-0.782149074214082,0.403262931553494,-0.211606927088283,-0.192353601918131,0.384263319399766,0.839739930362563,0.813947838520894,0.732387191842295
Melanoma: Degradation-High,ERR2208907,Reference,-0.728220816437676,-0.368029065545804,1.19193775746941,-0.263664574875239,-0.181118532039965,0.480150788599058,0.491815270621885,1.44515774626704,0.833835630582235,0.760510689157723,0.890438280654964,-0.0784383154626906,-0.430520576712992,0.868057693426533,0.664472460808073,0.452573620818271
Melanoma: Degradation-High,ERR2208909,Reference,-1.56644696055479,0.656892798643964,-0.261023632290525,1.18237828707167,0.0541130655287453,-0.417212926017267,-0.158655138800343,-0.520610647699114,-0.662117830896909,0.0257350608119468,-0.355418125044075,-0.580316444835278,-0.467504987957648,-1.18772844762437,-0.76052195913491,-0.264754837199743
Melanoma: Degradation-High,ERR2208910,Reference,-0.204857702320073,-0.00717677596688236,-0.98127786214425,0.645397714460387,1.57987640752836,0.168401878504697,0.435274914529527,0.678174086839782,-0.628798870822673,-0.283183807528724,-0.509339958354077,1.55433255282788,-0.839081347105955,-0.134933280882967,-0.409873083998935,-0.4904174874119
Melanoma: Degradation-High,ERR2208912,Target,0.252714546209171,-0.883607186559709,0.237284648281599,-0.489922947383751,-0.778441221139093,-0.922933999867312,-0.372877358499705,-0.604818312282808,1.07578046318009,0.823209156463123,1.06058077279755,0.368436031497066,0.0311823948098155,0.0209795687410484,0.186595339156514,-0.689032936054962
Melanoma: Degradation-High,ERR2208914,Target,1.72106431628485,0.918588580608671,0.471942831808181,0.915922278470684,1.33653046006003,0.797090561017053,1.50285361578928,0.704092728783773,-0.318968066721972,0.918795335052804,0.335001972212401,-0.841628791987761,0.63970255845064,0.889501270462793,1.30276664586315,0.950136312257294
Melanoma: Degradation-High,ERR2208915,Target,1.96793814409656,1.36469377843405,0.964245978864444,-0.0427211625861851,0.619518289640188,0.79290362580662,1.71656553647797,1.35752598203396,-1.39516656351276,-1.43344695298603,-1.57977330588964,-0.913640188368097,0.860215003880057,0.531078828074184,1.16503251618069,1.01712825822307
Melanoma: Degradation-High,ERR2208916,Target,1.5371684375013,-0.0692494643302677,-0.518901369788102,-2.14746571304164,-0.475718630538842,-0.551480759368311,-0.614637601173727,0.176205610894733,-0.618665570759629,-1.2060242075163,-1.01908450427616,-2.04234508249549,-0.451137808934899,-0.674924105107025,-1.04156725150204,-0.376693987305316
Melanoma: Degradation-High,ERR2208918,Target,0.283129235417456,0.816367335065034,0.590451626227234,-0.997284536322324,0.179916369768811,1.51963624942333,0.698101438474167,0.45917635629012,0.105973016085739,-0.371257775311828,-0.148160849349076,-1.35034426581349,0.84707944873639,1.15427461379568,0.306609199574413,0.152608127562053
Melanoma: Degradation-High,ERR2208919,Reference,-0.747442267854397,-0.882345678827596,-1.19311275422262,-2.14239384990625,-0.376609156831584,-1.19851181950162,-0.829145542459222,-1.34143410528487,-1.08355975777333,-1.4783931805728,-1.4308440652417,0.0675129594436392,-0.633015314160517,-0.0435152218122269,-1.12548906498238,-0.361044403953754
Melanoma: Degradation-High,ERR2208920,Target,1.04889266127841,0.212740371993649,1.01958943136348,0.536132731216828,1.75335551378193,1.03434472121692,1.2088909373801,-0.633238139715402,0.133107213600795,-1.16020083188904,-0.573629119481042,1.87530003330778,0.305141293131401,0.908606238257365,0.785763519731514,0.14260240327951
Melanoma: Degradation-High,ERR2208921,Target,0.0334860862848365,0.70950551652245,0.25380649612562,0.409334856354282,-0.827845893725655,0.400660451664224,0.950267246358855,1.23318952934805,0.496251882479778,1.92430529486009,1.35187489978281,-1.0953542583272,-0.581882092987042,-0.750745360570721,0.896882767096297,0.0534543245613144
Melanoma: Degradation-High,ERR2208922,Reference,-1.59182763838274,-0.257047998609176,-0.253610025305008,0.273690383852095,-1.2726271726937,-0.207021779438603,-0.901836947349067,-0.495432517950437,-0.256555278651972,-0.603725449680174,-0.480464553486483,0.160641518769525,-1.71987327325607,-0.879866870935335,-0.163150050685064,-1.22018033330225
Melanoma: Degradation-High,ERR2208923,Target,0.00757244733311539,0.703390453409751,0.646557711938175,1.39261765568578,1.00000559553518,0.0813809648524739,0.9616644959775,0.135420593035621,-0.938209570129682,-0.525998450932641,-0.817756378682264,0.42215949904816,0.445635989142346,0.619371115034576,0.0297676700514168,-0.269043619322419
Melanoma: Degradation-High,ERR2208924,Target,0.0364291201324861,-0.544362417083788,-1.02881075174188,0.0714591747426418,-0.448547970364473,-0.661812167316985,-0.395197375156203,0.0254264144465931,-0.423199593708545,0.205743612323986,-0.121448601087991,1.76915669656087,-0.646937898723834,-0.14239966374994,-0.29858765876348,-0.030135200378646
Melanoma: Degradation-High,ERR2208926,Reference,-1.16087392013198,-1.9802605184496,-0.359370571893904,0.0632204690570472,-1.30432650949992,-1.50500681533473,-1.74587281959269,-1.31442702884082,1.93680791499582,2.63028612847979,2.55071016711428,1.12437097881454,-0.730471656414372,-1.28750747070031,-0.2262494193431,-1.75935961766658
Melanoma: Degradation-High,ERR2208929,Reference,-1.34926217068549,-0.138081228622102,-0.694917119549869,0.342210632420193,-1.3234843404729,-1.18986910632577,-0.912994266972474,0.180168204491612,-0.364201193123888,0.230018988187947,-0.0749404131199922,-0.369035247792727,-0.805669412998809,-1.25962645808459,-0.848209028718995,-0.677648059190549
Melanoma: Degradation-High,ERR2208930,Target,1.20028758676716,0.509622161166242,-0.603040036455558,-2.15613126282654,-0.131944352417138,-0.317324787337379,-0.554022260716682,-1.26662322966109,0.70533732717961,-0.682044474421913,0.013008997796975,-0.542261968884314,0.109681082174949,-0.066564711899282,-0.381448806152847,0.360634426690228
Melanoma: Degradation-High,ERR2208931,Reference,-0.338681825694284,-1.16770028278837,-0.734249776885193,-0.957969918055297,-0.116835744308949,0.158190351041106,-1.05397790457135,-1.74930464831685,1.0800915947407,1.0097140041386,1.16715100184301,0.219448525697051,0.390845327603794,-0.0156971910945262,-1.018900955976,-0.793235097275478
Melanoma: Degradation-High,ERR2208933,Reference,-0.586600299302635,-0.462449200537825,-1.16729330105179,-0.389888849076805,-1.64388704023487,-1.1663520467429,-0.855841995619324,-2.19400474276466,2.01758960620246,2.28962056003615,2.40556569633543,-0.904943339692003,0.0333726824885823,-0.827355832311044,-0.768895345347604,-0.553894127497309
Melanoma: Degradation-High,ERR2208934,Reference,-1.26547933097029,0.0441211181922283,-0.75310194713601,-0.438064100599008,-0.366596806128457,-0.836874142406914,-1.17474431477968,0.000201507898768397,0.449104148162634,0.0778469658324882,0.294300829202256,0.153651680027261,-0.538253519241657,-1.43378088434098,-0.728374099027749,-0.16155270366356
Melanoma: Degradation-High,ERR2208935,Target,0.281145196973218,-0.997940133881024,-0.428511332719665,-2.94757733843597,-0.590996659234265,-0.46597069285955,-0.584157387802478,-1.0974914872181,1.37311847192526,0.371538931804138,0.974386630855799,0.254006084234514,0.130438978283166,-0.87774536773515,-0.441847600620503,0.614789371614552
Melanoma: Degradation-High,ERR2208936,Target,0.315474158443747,-0.659970626185434,-1.32186033275969,-1.3200150231421,-0.685404414996765,-0.73147855458346,-1.18742356060363,-0.150607776905451,-0.709202225552012,0.978729369166153,0.150530210016581,-0.270694626739822,-1.5987436660397,-1.40239652787336,-1.40404989476247,-0.935049549787762
Melanoma: Degradation-High,ERR2208938,Reference,-0.284557105608372,1.28825055226973,-0.431178813203428,0.637895717103629,0.507760558638238,0.073209393963134,0.47220613186352,0.60067055199505,-1.13712632549504,-2.09468827677655,-1.80496006558455,-0.333863539604935,-0.165344249011774,0.00853725991171073,-0.877440130490667,0.158232499309502
Melanoma: Degradation-High,ERR2208939,Target,0.333367725657768,0.379123816506508,-0.343584230309917,-0.0144555473204103,0.360778553699051,-0.341832402679258,-0.18495625795329,1.19845162404625,-2.02122903706789,-0.498012904632238,-1.40699008449257,-0.914331478730717,0.505983150996122,0.112617326034995,-0.845301960713964,-0.113402904880555
Melanoma: Degradation-High,ERR2208940,Reference,-1.44951641022406,-0.588798560132688,-0.630423897006624,0.366265972053088,-0.0105708896357804,-1.25721415192756,-0.915454031448541,-0.836482949075661,0.294552247372316,-0.608447090109984,-0.175309454798615,1.12692013945809,-0.602936486908098,-0.0881216608729172,-0.873234901813068,-1.16097576714074
Melanoma: Degradation-High,ERR2208941,Target,0.64040171082359,1.38167813587577,0.542911397643398,-0.755695653137849,1.64562788545136,0.338258662951455,0.357651823291669,0.650217026140339,-1.02601087017342,-1.8114430779867,-1.58471066402275,-0.779890489225912,0.819302840899933,0.898621923458147,-0.494023723029308,1.37466793024653
Melanoma: Degradation-High,ERR2208942,Target,0.407796038676058,0.612989668666696,-0.447549458864917,-0.471233491612703,1.23962938896444,-0.582054740894596,-0.252170831680618,-0.277414105373381,0.304071271965894,0.410058772728202,0.39883977608151,0.687180505798024,1.00917240339925,0.907568599689833,-0.989252870569616,1.25688233275687
Melanoma: Degradation-High,ERR2208943,Reference,-0.758015510410476,0.790458856674045,-0.60719217904146,-0.461670665316712,0.415441576168213,0.60811417146557,-0.0988446175355914,0.631697276357522,-0.319356583913701,0.125733334925956,-0.108138081914095,0.540917852915101,-0.0609710197590991,-0.465688062265638,-0.699849333875307,-0.161220214206904
Melanoma: Degradation-High,ERR2208945,Reference,-0.604165131737626,0.60927327473533,-0.240013794957769,0.586295136159779,-0.257459990268773,-0.185546045233571,0.115260953088084,-0.630095924186246,-0.96753157265017,-0.202222117202989,-0.65330439910479,-0.727616782971007,0.507260087742547,-0.107473807528545,2.26726828493745,0.404381274099837
Melanoma: Degradation-High,ERR2208946,Reference,-1.3200203127319,-3.02614047160798,-0.820212693126387,0.08022754583281,-2.01410190853782,-1.33721682298959,-2.00677978929594,-1.78796939742485,2.01602611792004,0.853308638080479,1.6025160124391,-0.299559742622338,-1.38262703388254,-1.93023073442928,-1.0669875617045,-1.00608732451349
Melanoma: Degradation-High,ERR2208948,Reference,-1.09113747308808,-1.20640843038042,-1.20145993640875,-0.716030612832007,-1.68020699331333,-0.899846970840996,-1.6531276322778,-1.2538617494647,1.54672433303445,0.643650241827354,1.22331851385238,0.717462725957541,-1.80360719614332,-1.52154249197986,-1.14623023510922,-1.9904510512193
Melanoma: Degradation-High,ERR2208949,Reference,-0.233509438975197,-0.678630197954286,-1.47748593507442,-2.30869655531863,-1.01265638986322,-1.25162508559195,-1.06888722453469,-1.67478458025014,0.823435596577185,0.411457127735845,0.689684380749827,0.836331537944058,-0.335120186140548,-0.970476279757404,-0.996559070836676,-0.28824010184097
Melanoma: Degradation-High,ERR2208951,Reference,-0.629044291810837,0.335359522885038,0.68339591660867,1.27550417679704,0.104902541976345,0.733831084708443,0.464474953234432,0.437901194085209,0.320822017150285,0.802569120959363,0.62741103431313,0.626451632529564,-0.236116969526495,0.407496004261748,0.269457600170263,0.293628616148916
Melanoma: Degradation-High,ERR2208952,Target,0.278901379340667,0.99290839148198,1.18347262597038,-0.993525505509492,0.908596870491375,1.11787516290901,1.21311570992022,-0.89405230671165,2.21174107984381,0.277961777705243,1.39049258267759,-0.944133127187192,0.986343673916804,0.91515487373153,0.931029997333563,0.345081871047103
Melanoma: Degradation-High,ERR2208953,Reference,-0.933715843459318,-0.341762108576678,-0.363384937950825,-0.977125246818782,0.798668338365076,-0.324699064817944,-0.460689426809703,-0.0249480738184456,-0.383324840380602,2.69911839327859,1.29336468749817,0.712616210227874,0.74878509395762,0.451446362867841,0.454845597071044,-0.825122330030796
Melanoma: Degradation-High,ERR2208954,Target,1.36905352731981,1.06335696666626,1.22404561422,-0.609117037286859,0.805972998875019,1.34324307358197,1.75641798599609,1.27035738204107,-1.30979517152583,-1.69854973278528,-1.6801528194005,-0.7348776590954,1.35785981273045,2.04568891631141,0.585353323449586,1.11617719480506
Melanoma: Degradation-High,ERR2208956,Target,1.18046421285901,1.35574628038344,1.45462596046536,0.427059027711373,0.919535159577364,1.56113878343069,0.92012330843139,2.1077428373471,-1.24404339735472,-1.50145830127551,-1.53335557136816,-0.655412940676445,1.44269905428153,0.409165775916544,0.754192143150715,1.93735246316535
Melanoma: Degradation-High,ERR2208958,Reference,-0.945588914967009,0.20574233352396,0.111227561534647,1.16674883936895,0.0973489979518573,-0.862132036842308,0.137282256094002,0.315940043011094,-0.676112061555489,0.0154684457212843,-0.36896774441392,0.621935513510112,0.141909013572733,-0.0397374276992703,-0.491747910758234,-0.397701623713757
Melanoma: Degradation-High,ERR2208959,Reference,-0.609559464659974,-0.702375607111057,-0.620184481985092,-0.916130354412165,0.59142400464279,-0.362016649661964,-0.462327934755262,-1.44338575898843,-0.149724992555602,1.09057032130475,0.525459673673838,1.18033857868313,0.224896151929572,0.566421534352525,-0.419990251142199,-0.107176068752345
Melanoma: Degradation-High,ERR2208960,Target,2.28606099018806,0.702878883905718,1.91680446615302,0.243640047508716,1.15442950088166,1.90497532972922,1.19111074902492,0.41362403489051,-0.0547509821017491,0.118734435774502,0.0357345927753167,0.404411693501586,1.45505533298135,1.66479564352907,1.96406799323344,2.08281146363562
Melanoma: Degradation-High,ERR2208961,Target,1.22669716539877,0.636169659382693,1.61499013543212,0.563528164478256,0.317873657202315,0.741211312503026,1.24932646961805,1.33356941905281,-0.891884339777464,0.0836892830991586,-0.451374841082111,-2.31421511407722,1.24469199590525,1.12673915815872,1.76806860623015,0.813618002689434
Melanoma: Degradation-High,ERR2208962,Target,-0.166215404640545,0.61115889687206,0.0558049398155494,0.325751294810777,0.0963641287938196,0.929285538025978,0.547829046195559,-0.218945247214712,-0.0664426575099238,0.613667049101821,0.305623402110667,-0.723592865730313,1.75593291279641,0.706960288904692,0.406601825577659,-0.0834690979529957
Melanoma: Degradation-High,ERR2208964,Reference,-0.696172204831848,1.61908895442055,1.09304112353991,-0.348200343327976,-0.111356267660326,0.301439611688869,1.01593488564832,2.21170474100567,-1.11659547061778,-1.09960621100989,-1.237742885934,-2.03625563864532,0.25279255095189,-0.267394159169459,0.558586701089041,1.77762622638249
Melanoma: Degradation-High,ERR2208966,Target,0.56145354243492,0.587594112817921,1.52363604831821,0.779055986741449,2.14000717625922,1.79933811093414,1.86149940692663,0.0972098622996998,0.886412273690176,0.149368886280464,0.578481088957819,-0.191923063636794,1.94781284148704,1.9689316810427,1.5362090086883,0.435006481753258
Melanoma: Degradation-High,ERR2208967,Reference,-1.10047094592462,0.220672294799002,-0.521554159852404,0.243654269795169,-0.182926063885103,-0.327879860158496,-0.392060482584596,-0.635393064754921,-0.260503796268318,0.17830061309722,-0.0459102644017616,1.15551917039425,-0.11733445510602,-0.234510215743296,-0.525402251699435,-1.06588141243718
Melanoma: Degradation-High,ERR2208968,Reference,-1.59334640100096,-1.27854712730241,-1.21837080451869,-1.15675205232372,-1.82668453936737,-1.35126509579904,-0.85884723916491,-1.06293319980107,0.217160299967005,1.48945837103551,0.953142097376309,-0.961651517605155,-0.975121711564871,-1.64031385586643,-0.899556870212224,-0.736550143105683
Melanoma: Degradation-High,ERR2208969,Reference,-0.198285178918566,-0.050570198083554,-0.462133497977154,0.531439604233614,1.5533648396517,-0.0119266961981915,0.450760407592272,-0.686013813469124,1.42223268475961,0.749637589430665,1.21298390996446,1.6138700583341,0.338970057252982,0.451621569935,-0.318786875986017,-0.681940991089794
Melanoma: Degradation-High,ERR2208970,Reference,-0.33863436063753,1.66987652980815,0.619116654196849,1.67888673090065,1.23883767089603,0.0644745098982317,0.998321170600909,0.00939160048681457,-0.732281341309551,-0.875827900589515,-0.898124836952308,-0.123949145495017,0.977580465372268,0.914420127041116,-0.355717435297884,0.442887904472426
Melanoma: Degradation-High,ERR2208971,Target,2.16189412641205,-0.395618711607111,1.24500923152979,-1.05084730201883,0.278038466287618,1.49434382033571,0.9879909897672,0.600193974208995,-1.26569033194461,-0.151342922820145,-0.791409394170667,-0.010522472075367,3.43156678620136,2.92289741680131,1.54127758381123,0.434857235937394
Melanoma: Degradation-High,ERR2208972,Reference,-0.178983982636311,-0.0189677870646537,0.246062101665568,0.81200554442008,0.17380265313255,-0.858434587317158,0.359961883959363,0.0058875157315183,-1.14626175434262,-0.604856677644925,-0.977995098365157,-0.195906765182692,0.472118237142792,-0.123265532136085,0.144851079274611,-1.55212840392912
Melanoma: Degradation-High,ERR2208973,Target,0.393991747151215,-0.269783022382897,1.53599195032497,-0.598979088680911,-0.637907602793956,0.9390924740897,0.173874257440219,-0.186286028121724,0.489336767347346,0.780645361568423,0.709281722128434,1.38855966498601,0.680495333805967,0.519064506614405,1.67737465199042,0.278607909218816
Melanoma: Degradation-High,ERR2208974,Target,0.189964908363107,1.56095454436958,0.879616029705086,-0.363561517982713,0.924797938010347,1.15808770283217,1.52212926017674,1.86658447965402,-1.68982251693363,-1.54723226816606,-1.80788669409054,-1.37495301979204,0.572266311808254,0.762888527348945,0.12281166980995,2.50454595249603
Melanoma: Degradation-High,ERR2208977,Reference,-0.716711568078407,0.733594134134456,0.388781896848111,0.277658085768074,0.408935654188053,1.2787557029275,-0.112994785217669,0.284125066685548,0.00121381911342898,0.0790791133602831,0.0448433943462788,-1.02600877757244,-0.0298952012827448,-0.192063855137137,-0.108569689537817,0.946838145457619
Melanoma: Degradation-High,ERR3262562,Target,0.100772689272048,-0.360136444292603,-0.0660667661476843,-0.124981881545683,0.316829610861392,0.524281556520926,0.272990746652298,-0.141572501279881,1.53256288210608,0.826276704247268,1.31740578543558,0.262724209166951,0.201574951772014,1.07814475258743,0.0910684367906317,0.156940394253539
Melanoma: Degradation-High,ERR3262563,Reference,-0.771343277300595,-0.666803671744542,-0.587272948063524,1.43920479518046,1.01845036421962,-0.817707297756793,-0.338008932361703,-0.957637941966051,0.688280747114849,-0.790976216757491,-0.0573551531981857,1.19203009095217,0.0122718724275772,0.341038335305378,-0.717129875943139,-0.230958666850891
Melanoma: Degradation-High,ERR3262564,Target,0.43453961250949,0.916980291824953,0.619734775094622,0.0970171720094029,0.789392788952529,0.742898213805615,0.77172996833453,1.45699059700455,-0.352719912114479,-1.21239179435009,-0.874110825033657,-1.50348976243528,-0.703307968112751,-0.495897776647016,0.53464614450711,1.05889944216919
Melanoma: Degradation-High,ERR3262565,Reference,-1.17777812322708,-3.050087912451,-1.023782285321,-0.191257901946872,-2.20259598040344,-2.45712257211126,-2.1291091503719,-1.05513429703655,1.56837441141992,0.482207090598393,1.14524444557182,0.792510055937076,-1.40702220426006,-1.60266058953952,-1.0511963010826,-1.92294347027575
ccRCC: Sarcosine-Low,A41_T,Reference,-0.482581482536384,0.823101644548498,0.816885422814519,1.1684133278333,0.328461716356229,1.4703559236807,1.68694742662445,1.63262864976165,-1.04435795736168,-0.831928470498017,-1.13750932479162,0.496274684337567,0.697924740747859,0.807464064861472,1.11994895375885,0.723012702305457
ccRCC: Sarcosine-Low,C115_T,Target,0.0233154993385848,-0.540915704511374,-1.18978022470747,-0.39589328842078,-0.432781385607934,-0.47018704732042,-0.905917129286928,-0.486776957431741,0.685163139302427,-0.391473809460075,0.178050827595955,0.00151749063973602,-0.202300607443082,0.700590869349092,-1.98345345425204,0.263520769148332
ccRCC: Sarcosine-Low,C24_T,Target,0.672573474093038,0.438681025251684,-0.392865923836599,0.504970335555719,-0.229544896429039,0.198537459337865,-0.135443294958472,-0.771668550479147,0.533335707329867,0.00958773014150591,0.32915042373146,0.36229540431011,0.630257338691527,0.700590869349092,0.0673178513391138,-0.380460154541807
ccRCC: Sarcosine-Low,C99_T,Reference,-0.869303550621119,-0.701291121826909,-1.19410133403567,-0.0706821330845183,-0.119156930769852,-1.54903846043004,-1.34186184348966,-1.72706543544324,1.05517943005576,-0.918094047962622,0.0831087930436337,0.306596184290863,-1.39738974927675,-1.1516241268497,-1.41547477941394,-1.01195629015141
ccRCC: Sarcosine-Low,D36_T,Reference,-0.63931037419011,-0.813720285195572,-0.150682740878811,0.136508697278852,-0.890399083443475,-0.103799381704845,-0.283998839962324,0.00452522378846608,-0.554456531076005,-1.19517747973477,-1.0607255761798,0.218318554730473,0.264699590133035,-0.372781349620452,0.011002100329575,-1.23473107477787
ccRCC: Sarcosine-Low,D65_T,Reference,-0.208030278412985,0.792678612498172,0.757097655220111,0.119480013179553,2.08886316438187,0.935148270974641,0.974494284946412,0.305891486406474,-0.319100718511425,-0.333374610729067,-0.395566881573712,0.162642682209209,1.0135175918062,1.52987433089443,0.514830537570335,1.52398646669394
ccRCC: Sarcosine-Low,F20_T,Reference,-0.673853185118025,1.17554342371167,0.360843282092887,0.0937641484808739,1.61230869058649,0.574545071107649,0.789960267302447,0.1112161622794,0.347601917417283,0.456968399840822,0.487775333628369,-0.41168703420387,-0.939421223085598,0.588966222909541,0.325037522491155,0.490950457269935
ccRCC: Sarcosine-Low,F44_T,Reference,-0.435268645229815,-0.0114227784231072,-0.176293042703142,0.465810898183131,1.10591751084454,0.409480100038027,-0.2904774723897,-0.0034617006661,-0.64522980002203,-1.10106045007836,-1.05869840221987,1.50212171071956,-0.0232561677491006,-0.54603218245997,-0.851521538726034,0.197341500243903
ccRCC: Sarcosine-Low,F69_T,Reference,-0.565233775824471,-0.0504596071826644,0.298212205039107,0.800552082826432,0.157675667773678,0.630369862863261,0.452021500074826,0.156886292675938,-1.36303507251268,-1.69747604248623,-1.85545228076444,1.39444105607433,0.922551214648391,0.0850537988284989,0.505333808856862,-0.56582462709814
ccRCC: Sarcosine-Low,G30_T,Reference,-0.840065760358622,-2.39622040433761,-1.33537852694469,-2.40100988517017,-2.54680857503996,-2.29371596957183,-1.69874267117798,-0.753747198780131,0.291871924063705,2.73975572020617,1.83794151225982,-1.03372738429072,-0.764148675126272,-2.28662253221921,-0.806138129740593,-1.32942454494526
ccRCC: Sarcosine-Low,G80_T,Reference,-0.399837909476517,-0.765413400722436,-1.67291387565824,-1.35185331629493,-0.0166838849710168,0.6213165355944,-0.461859166282999,-0.900229190161811,0.933463903811864,-1.97557490569733,-0.631785725522124,-1.12388739897852,2.18764648109568,1.96141456823415,-1.05975342213957,-1.65471575668969
ccRCC: Sarcosine-Low,H11_T,Target,0.231507347023971,-1.35327253279415,-1.95037855898128,-1.77188276945675,-1.1446056081191,-0.297348734522995,-0.230644547659718,0.187849805843225,0.501693337151027,1.827223867474,1.41191930911664,-0.993760499081261,-1.19179749030885,-0.0584790414219455,0.0556859826701065,-1.64786287332953
ccRCC: Sarcosine-Low,H17_T,Reference,-0.510554149485084,-0.622190968553604,-0.964719443296619,0.735763987138,-0.661136158386989,-0.805354506402921,-0.706501129839181,-1.5448337648125,0.371837017363618,-0.855409114759296,-0.293168336043497,-0.594668522060209,-0.248927351111608,0.0850537988284989,-0.50611872877175,-0.888463794681679
ccRCC: Sarcosine-Low,H35_T,Reference,-0.193156684263925,0.101750357365118,0.233306463909167,-0.290777975867373,-0.708234878466103,0.0166199729539629,0.164054286491472,-0.444554606615894,-2.21499000860273,-0.612733958279602,-1.71432374743262,1.46418767751493,1.29684788664209,-0.372781349620452,0.479355299421888,0.115453783545126
ccRCC: Sarcosine-Low,H46_T,Target,1.13519027571154,0.0965231802064735,0.647599035988514,0.41727859773331,0.372507980312902,0.577140718250653,0.0421307484650355,-0.147939414244629,-0.835143441852526,-1.19215000777033,-1.22905819111292,-1.42181941412579,0.225348207739501,0.349628916412504,0.298492706201002,0.524139903054881
ccRCC: Sarcosine-Low,H4_T,Target,-0.119614667508435,1.71117434908103,1.45153643055445,1.6375963070029,1.98217044264493,0.999040153618502,1.37578814581678,1.49768833966644,-1.7252741433143,-2.25317848507409,-2.41195954724026,0.387505948901567,2.22644747643386,2.44118121910833,0.75538668660761,0.734638825802911
ccRCC: Sarcosine-Low,H63_T,Reference,-0.549031100473188,-0.742228092726816,-0.729351611226059,0.0127703257995094,-0.512150146972829,0.138376639237376,-1.08113058722621,-0.0269097429956846,-0.671956610563677,-0.0949751081735657,-0.464956719074723,0.597280638769105,-1.32715242953457,0.0850537988284989,-0.704731211352804,0.104991240242722
ccRCC: Sarcosine-Low,H78_T,Reference,-0.473628964800808,-0.668611088659598,0.0196265622816078,0.709094295920005,-0.304866428771606,-0.342470620005662,-0.867791748677561,0.264524185409244,-2.84466913472985,0.0141196700407708,-1.7160367215578,1.55865581181125,-1.39738974927675,-1.39096143334674,-0.241043219440322,0.0528343670111317
ccRCC: Sarcosine-Low,H85_T,Reference,-0.48187010431154,-0.67513272201042,-0.0536753784643105,0.158443275097883,0.0864207007811965,-0.319657646681129,-0.922415454074099,-0.329108910903398,-1.31939150055916,0.228422780912497,-0.661405994962965,1.07463327384796,-0.653164837963159,-0.372781349620452,-0.899138576283336,-0.274137194324476
ccRCC: Sarcosine-Low,H91_T,Reference,-1.22737168035044,-2.88172375217684,-3.2902469594116,-1.87386529648829,-1.02061913098856,-2.56603061516261,-3.01082360466596,-1.76862134008393,0.460524814658791,0.783206773150292,0.754019353156301,0.782805808267043,-2.41754137436259,-1.65553655093074,-1.08288651405866,-2.67939691600835
ccRCC: Sarcosine-Low,J106_T,Reference,-0.187046333474574,0.771558425286661,0.992260561522062,0.388683720667033,-0.725603603597634,0.969920391202569,1.49312902484699,1.67443328540614,0.386579574685559,0.239929189055189,0.379824503464382,-0.508120055344285,-0.393702421437696,-0.210716018864812,1.17948943546725,0.462365955795184
ccRCC: Sarcosine-Low,J111_T,Reference,-0.263243901931063,-1.71654699129504,-1.47980882684277,-0.322753088036245,-2.11034966847899,-2.01178642575248,-2.47335860255472,-0.990276696968271,2.18022409885666,1.1354845399014,2.0101672318665,0.619005754922603,-1.39738974927675,-2.28662253221921,-1.75713604973293,-1.81410307110578
ccRCC: Sarcosine-Low,J32_T,Target,-0.0256955614233009,-0.692891713861069,-0.662829955254291,-0.0150668944411833,-0.291373052055334,-0.667602931351804,-0.612520566514674,-0.411854165233358,0.46886343591481,-0.209715997313499,0.157109609453987,0.153642132663393,-0.82135123662026,-1.39096143334674,-0.581397604191449,-1.03423548152876
ccRCC: Sarcosine-Low,J38_T,Target,-0.0927816690179316,0.333845469018,0.0623244706542873,0.81985800600578,0.938664562593231,-0.189635588246579,-0.325968160116064,-0.160906361150647,1.49723380284994,0.570341826729241,1.25347949195638,0.244815455309908,0.264699590133035,0.700590869349092,-0.155413813027591,0.263213672972426
ccRCC: Sarcosine-Low,L103_T,Reference,-0.219030207458531,-0.719822818458879,-0.825043200191318,0.143526053408459,-1.07498868226098,-1.08937036193943,-1.26631389939332,-0.13059202211987,0.160422071578327,0.866689548671563,0.62269226504443,0.0615783957799599,-1.00039567631426,-0.372781349620452,-1.21068306814747,-0.101611415377198
ccRCC: Sarcosine-Low,L112_T,Target,-0.0616910795673064,1.57108866480677,1.26406099388206,1.34051482799305,0.170817504038832,1.05132660211317,1.37271314203448,1.83585115214775,-0.280190771765698,-0.0308169494599095,-0.188550200930609,0.711651199423274,0.697924740747859,0.349628916412504,1.50117322806541,0.271627488549531
ccRCC: Sarcosine-Low,L113_T,Reference,-0.557908535095099,0.62974422421543,-0.461588048911164,0.238436908467638,-1.18144600593565,-0.387841589423698,-0.443818839266865,-0.0206329791648146,0.502709329241455,0.00889397730346273,0.310162416115172,0.241252196524447,0.185430599005892,0.472147901266314,-1.51147468090192,1.418003097816
ccRCC: Sarcosine-Low,L28_T,Target,0.0605218040606882,-0.410287086490141,0.0646004096528357,-0.74039318636384,-1.23201404027479,-1.50906720805606,-0.276413889919468,0.36202779073673,-0.329682838537252,0.297565962228772,-0.0194710390383998,-1.14544252120543,-1.12651857393039,-1.1516241268497,0.83778622430617,0.224701850545571
ccRCC: Sarcosine-Low,L3_T,Target,-0.00894046826267431,1.42676397269769,1.08408375793871,1.17561792028313,0.631694082746605,0.420208721440606,0.804202898736959,1.70548493204201,-0.957432828109979,-0.286476070257252,-0.754126848691249,-0.577064028604171,0.185430599005892,0.588966222909541,-0.494890984670333,0.817963917647994
ccRCC: Sarcosine-Low,L50_T,Target,-0.143310976478564,-0.0161912109700174,-0.657019786744403,0.2994282142785,0.228073452137976,-0.326992663892469,-0.599728636166136,-0.516140975225829,-0.326410375719832,0.28851140101414,-0.0229764690974945,0.184391310177241,-1.4694516175513,-0.372781349620452,-1.21797725408331,-1.5778281676074
ccRCC: Sarcosine-Low,L52_T,Target,-0.125658337877827,0.998498729672028,1.57812903392318,1.10995215291071,0.876936603879361,1.01088031570625,1.27068110508492,1.81490572955778,-2.54415720575359,-1.92994548758696,-2.71245021985029,1.20015809631956,0.731149400653795,0.588966222909541,1.2153456831788,0.785548329016194
ccRCC: Sarcosine-Low,L60_T,Reference,-0.268347902787835,0.715387135137021,0.77236427153151,0.0693490584554384,-0.91172445763554,0.541080326668882,0.739320362220649,1.73165815183774,-0.218205402486727,0.455076954866637,0.143604726660722,-0.538434897414339,-0.82135123662026,-0.732127754639589,3.56856695735096,-0.365018682782092
ccRCC: Sarcosine-Low,L61_T,Target,-0.0478480791127544,0.744323747185669,0.70160245801012,0.512277320843407,1.31311418485771,0.910742183007333,0.583520232441979,0.461712914706156,-0.704245726185336,-0.37136159825346,-0.652093061696859,-0.515502605920834,-0.296351171626149,-0.210716018864812,0.0866560772621004,0.776883533873099
ccRCC: Sarcosine-Low,L64_T,Target,0.10695499356044,-0.847021787618551,-0.599787927985887,-0.475956232196697,-1.75662861639783,-0.520294596014592,-0.0481987973585743,-0.286213521673069,-0.507955860270069,0.954041529607371,0.270441975698731,1.226590702828,0.103829835567907,-0.0584790414219455,-1.06165528631125,-1.54051569600202
ccRCC: Sarcosine-Low,L68_T,Reference,-0.363401317117988,0.209488197068379,-0.133024002727326,-0.984912599527003,-0.253179787291569,0.83208440609519,0.195448706602315,0.59351734359112,-0.2848441679143,-0.237199936058999,-0.316492208974459,-0.658781599259938,-0.653164837963159,-0.54603218245997,-0.152135376235932,0.252356928543228
ccRCC: Sarcosine-Low,L6_T,Target,-0.0434311810197515,1.24098059427018,1.85609405883653,1.40122558614984,0.710508131241361,1.58147237475384,2.09855223588759,0.997355681180369,-0.129366111462109,1.70129294993574,0.952989591623094,-0.661139742400984,1.47925706409661,0.90997385168982,1.73973268197835,1.47764862170998
ccRCC: Sarcosine-Low,L75_T,Target,0.859783045118821,0.559270275487962,0.26919581719201,-0.214851733136765,1.49219381027511,0.545129959717203,0.1628172603535,-0.139946146916997,0.262901655563549,-1.60272974537959,-0.812278404380941,-0.820594284461699,0.6642973478887,0.588966222909541,-0.971566865448195,0.853945794738513
ccRCC: Sarcosine-Low,L90_T,Reference,-0.727501958350168,0.303630806303527,-0.776930530779975,0.115222794771928,0.667790078429043,0.0033408095394134,-0.103273513721437,0.723512898312243,-0.737013380424302,-0.952351472090061,-1.02418705597225,2.02977380039098,0.144930230908,0.220824218474905,-0.18241691905625,0.0199274459770059
ccRCC: Sarcosine-Low,L95_T,Target,-0.0374245283708558,1.28359288327579,1.46717068901257,1.5888857588599,0.0303943821514009,1.49630256738674,1.67647487213244,2.59234664075368,-1.10658454461455,-0.584910640632835,-1.02547858231531,-0.625013094141008,0.0621113660482553,0.349628916412504,1.56297867789351,1.14891333275591
ccRCC: Sarcosine-Low,L97_T,Reference,-0.163085093392842,0.0802114339946534,-0.0828140886878802,-0.00313976206507762,-0.0475278403543916,0.0848731951816448,0.400664764194764,0.200989245934064,-0.201923511447532,-0.0351792561217348,-0.143744902185109,-0.429045711179868,0.264699590133035,0.0850537988284989,0.0534496789285927,-0.321939203386266
ccRCC: Sarcosine-Low,L9_T,Target,0.163523425655935,-0.92734214134078,-0.62288422221672,0.00650165953967678,0.810503386453187,-0.504450130001087,-0.482504716517613,-0.863894512680939,-0.62933330358096,-0.190539897674089,-0.497052794139867,3.27724435901694,1.07254590258853,-0.0584790414219455,-0.139593817077536,-0.513514592452261
ccRCC: Sarcosine-Low,M104_T,Target,-0.102472261330983,0.354683823596727,0.711274619831982,0.561669912911379,-0.327912018838803,-0.195049018048552,0.290406388809349,1.51556934235072,-1.10617476262847,-0.0603857141136085,-0.707233927892962,0.256298553857187,-0.111334230285288,-0.933126284897769,0.717120154163509,0.146748012314319
ccRCC: Sarcosine-Low,M72_T,Reference,-0.269223717725088,0.0717948470751257,0.756764395598408,0.110408895370953,-0.92007389514048,0.0423676354405122,0.565407368994395,0.397553741790161,1.04775009117201,0.55608839805053,0.972336211498067,-2.00398858910817,-0.202300607443082,-1.39096143334674,0.879310360298926,-0.303803028211736
ccRCC: Sarcosine-Low,N39_T,Target,6.61244671757573,0.27293203440756,0.0132595745623528,-0.905196235281093,0.766672700495795,-0.57590732796992,-0.577008222469672,-0.349193902585459,0.24166499071386,0.491260493216556,0.444340245694406,-1.36689983101387,-0.248927351111608,0.220824218474905,-0.262430392493828,1.95977224794996
ccRCC: Sarcosine-Low,O31_T,Reference,-0.193690683760601,-0.0736951230667297,0.332316727983063,0.313229940551414,-0.307443002576005,0.309634039413545,0.235947254724643,1.34679460173256,-0.799370889748813,0.98424039137306,0.11207818744766,0.3053689948823,0.185430599005892,-1.1516241268497,0.239315045365145,-0.0539903881782771
ccRCC: Sarcosine-Low,P1_T,Reference,-0.629542655835771,0.322250851795601,-0.679878994139856,-0.51273343363427,-1.31006050906825,-0.624187609089471,-0.247009407925499,0.231461974379584,-1.25656086488732,-1.05046374521746,-1.3986467990985,-1.06797415887126,1.21484509060525,-0.0584790414219455,-0.940418905094821,0.491914188017867
ccRCC: Sarcosine-Low,P21_T,Reference,-0.457932714673103,0.23273643401031,0.40793136632506,-0.17630075950466,-0.533316659320103,-0.425399442295579,0.444037057086892,-0.0331603482393951,0.0918229342242876,0.117630673899745,0.126982441920724,-0.0632030885060934,1.29684788664209,0.700590869349092,1.06799209386601,-0.384881223550558
ccRCC: Sarcosine-Low,P88_T,Reference,-0.470540106004723,0.370102535234503,-0.230836181113986,0.533140898337143,0.103575188719676,-0.0509069178858456,0.199281614158344,0.0892652759766636,0.551882502980982,-1.25002919886367,-0.423255407515212,-1.04655534471695,-0.111334230285288,-0.210716018864812,0.0959680957197811,-0.847718767157884
ccRCC: Sarcosine-Low,Q93_T,Reference,-0.156783669102647,1.0571130462907,1.28881904853272,0.51807500820819,0.832500133404987,0.947304220732117,1.48996911058738,1.33007654927393,-2.30806668691341,-0.949516976968637,-1.97492863506006,0.75114559938356,-0.296351171626149,0.349628916412504,1.19272179167786,1.20803733401749
ccRCC: Sarcosine-Low,R114_T,Target,-0.113790343088156,-0.78948037504583,-1.77215969059601,-0.37997390065407,0.119678452518229,-1.70747199473014,-1.08626139893215,-0.467513079080296,0.262581738315007,-0.344461626848696,-0.0496401484000582,0.703991749268631,0.103829835567907,0.220824218474905,-1.67296129683095,-0.543097447467925
ccRCC: Sarcosine-Low,R25_T,Target,4.53590010230267,-3.1691891757034,-3.20584003942149,-6.29418437912418,-3.94605771293894,-3.06025176613863,-1.96459768015954,-0.522582765009222,1.05457632019514,0.314038460995275,0.829730499851034,-1.4122329623588,-0.443689826866039,-2.28662253221921,0.34076243634321,-1.49534822630535
ccRCC: Sarcosine-Low,R29_T,Target,-0.0793545400149398,0.0607335375905295,1.00117944504586,-0.0561286974716499,-1.12382640268707,-0.543776818946599,1.03799540006269,0.656633194881122,-0.0341119373156718,-0.95542578577071,-0.599912876056893,-0.841635628821139,1.45392149126694,0.472147901266314,1.24295494858301,-1.1314500589979
ccRCC: Sarcosine-Low,R51_T,Reference,-0.968690108859139,0.521181408011797,1.04170286108007,0.0675687598209531,0.295467238123867,1.7815859154823,0.972522079533514,-0.276579341405249,1.46176064508053,1.04585219944556,1.52025455775932,-0.908889110615807,1.10159565434239,0.807464064861472,1.36277213908941,-0.211471760932876
ccRCC: Sarcosine-Low,R82_T,Target,4.09541962462568,1.73992735878774,1.0776764151606,-0.0876593933109756,1.4495483531252,1.4436054955881,1.08115000253768,0.351919125203599,0.156148066771965,-0.941907118317345,-0.476370896735562,0.59056949875293,1.10159565434239,1.82564414858774,0.543457186547265,1.99836341896369
ccRCC: Sarcosine-Low,S15_T,Reference,-0.225838077118406,-0.158414333888762,-0.689611548313373,0.533694243295958,-0.860407071595894,-0.475819517487342,-0.556205582190163,-0.0128246207868102,-0.39752023425464,-1.52795992599255,-1.1673333050119,-0.640736887262949,-0.708101800357395,-0.54603218245997,-1.07984230395234,-0.773837772849347
ccRCC: Sarcosine-Low,S2_T,Target,0.125224406275905,0.88024897596414,1.72813324379705,1.09288757498649,0.149862869732849,1.46387349513535,1.38397449583521,0.860123596878088,-1.56301949630028,-1.19356697256289,-1.67119623441669,-0.076785042503638,1.32365221055706,1.10323388255478,0.747979316924706,-0.714684282805247
ccRCC: Sarcosine-Low,S86_T,Reference,-0.187903340790639,1.21838323064724,1.1368676534485,1.07840794708872,1.34479668312251,1.17379653655932,0.984288048285785,-0.598316308181536,0.199597138326726,1.30040467480033,0.90938463568311,0.2693874661107,0.595794461428077,0.807464064861472,0.188934915074255,1.43534941361362
ccRCC: Sarcosine-Low,S92_T,Reference,-0.151767923579501,-0.745924334429727,-0.44710190351397,0.0829984801908778,-0.99101926905328,-1.23796427770752,-0.547373759446839,0.633776755038149,1.39360780771019,0.112144041716416,0.912870627913033,-0.789967433960614,-0.0669456682173624,-0.372781349620452,-0.384676648292916,-1.55933883397269
ccRCC: Sarcosine-Low,T42_T,Target,-0.0237843098196694,-0.0975877518270422,-0.551617821617371,-0.667622529732076,-1.31450656886882,0.803879067472319,0.969022591934589,0.465057936649849,-0.320112948465161,-0.235461720679872,-0.336820304931476,-1.84129670222823,0.144930230908,1.00846259511965,0.506579899167373,-1.12348720220162
ccRCC: Sarcosine-Low,T45_T,Reference,-0.425897539751943,-0.0926932530418405,-0.866078549118546,-0.0436462337519304,-0.223879047615371,-0.470023384859247,0.25512595152734,-1.28882807588639,1.91729310944951,-0.71384041235948,0.72960004643166,-0.483979958045567,-1.39738974927675,-0.0584790414219455,-1.30119697699963,-1.03180182396105
ccRCC: Sarcosine-Low,W101_T,Target,0.0965721271429463,0.166477434261044,0.61454403900817,0.503763184397854,-0.880117780313849,1.02563144830897,0.0618230480663028,0.241243405667695,-0.343185480302832,0.423148405441149,0.0484779784322195,1.0939587288852,0.560898077492362,0.472147901266314,1.65384426572029,0.899403260162195
ccRCC: Sarcosine-Low,W105_T,Target,0.0467064543484878,0.200856552147776,0.656499168219203,-0.0226678358184788,-0.334421099904847,-0.0101759811208415,0.728213606620173,0.116985503879003,0.223402411728762,0.248396624217176,0.286030850539378,-0.709157929203306,0.828500650465341,-0.210716018864812,1.34344857831056,1.08129485352139
ccRCC: Sarcosine-Low,W108_T,Reference,-0.308916875212022,0.918460194956932,2.15655928398625,-0.033528865724316,1.28772485745238,2.03811880343468,1.16659744089701,1.41863556442026,-0.760052265848425,0.391025650824884,-0.223724485479758,0.498873681369316,1.32365221055706,0.807464064861472,2.48008054520335,1.23104441692991
ccRCC: Sarcosine-Low,W116_T,Target,0.297777946375058,-0.820101556023677,-0.805641422831326,-0.0108930719476433,0.0547628625449122,-0.530074295000031,-0.732416866654874,-1.97621806674183,1.20609432436986,0.476343357065355,1.01998741908315,0.698626018026556,-0.248927351111608,0.220824218474905,-1.02174122451047,-0.578134765916025
ccRCC: Sarcosine-Low,W14_T,Reference,-0.34151915690736,-0.472059091248558,0.586032734826557,0.704869838242271,1.62013649813447,-0.109325815620264,-0.343919579806738,-0.318835884441467,0.715895811389413,-0.0854978595320491,0.382182345893358,0.0896149248815215,0.103829835567907,-0.0584790414219455,-0.444553489416083,-0.299092059704104
ccRCC: Sarcosine-Low,W18_T,Target,-0.00401654887933858,-0.093638042200041,0.268634879131474,0.452102349068493,-0.296088648657143,-0.351855164086637,-0.887233882443403,-0.649828231357181,-0.0196347046817108,-1.85340723461991,-1.13554233513898,0.606767152145275,-1.94620305871175,-0.933126284897769,-0.770403694445525,-0.273479360233045
ccRCC: Sarcosine-Low,W33_T,Target,-0.030311027420733,-0.983208938860886,-0.344938885974636,-0.230360767352166,-1.06390329818418,0.0860301288275079,-0.276152044732078,0.43543686783336,-0.295710669411498,-0.385691494753486,-0.413103939868619,-0.931653290847549,-0.248927351111608,-0.372781349620452,-0.0363713625125525,-1.16212849012084
ccRCC: Sarcosine-Low,W37_T,Reference,-0.556212443569883,1.03621451729721,0.2957734802432,0.405480587128847,-0.0432863003603437,0.706508687982347,0.327025612904822,0.374666564055833,0.0211243151835634,1.04743314975966,0.647819044257084,2.34438807448578,0.489760181230838,0.588966222909541,0.484263567890255,0.963754747994017
ccRCC: Sarcosine-Low,W59_T,Reference,-0.459518212277623,-0.972793673337948,-0.316957889389802,-0.39895194503678,-0.204198308369276,-0.596319054304203,-0.375229117452152,0.600157535158879,1.11973541198301,0.266150033738073,0.840200938509696,0.129270597727191,-0.939421223085598,-1.39096143334674,0.731361419630903,-0.890360140307268
ccRCC: Sarcosine-Low,W5_T,Reference,-0.193021556469149,1.02727779303619,1.1841445710977,0.352295040509501,0.659395333461023,1.47456393974143,0.257967928664162,0.68843794181091,-0.600703887936939,1.29812896185775,0.422817920094088,1.19862850416965,1.55390441806016,1.00846259511965,-0.127711680182501,1.42850283189236
ccRCC: Sarcosine-Low,W62_T,Target,0.357438066315507,-0.338745494860002,-0.17390970556014,-0.197305174214277,0.920995854399444,0.550685689293228,-0.649550525749889,-1.5177611437994,-0.0102994328981913,-0.759894283875373,-0.466934323948196,0.914269986082516,0.983525667877051,1.00846259511965,-0.208561917492609,0.181722049718878
ccRCC: Sarcosine-Low,W66_T,Target,-0.00293880079272026,0.313535860319909,-0.80748789164755,-1.35792753712041,1.00395710417063,-0.229976780060368,-1.26060114812684,-1.35233636380859,-0.0422195685298074,-0.218057183500516,-0.157794262147222,-0.030312622912886,-1.19179749030885,-1.65553655093074,-0.792575287065624,1.34486889127064
ccRCC: Sarcosine-Low,W73_T,Target,0.34822936651879,1.60891433808916,1.58716623291031,0.36639531968931,1.27799418880525,1.5747400945147,2.59085229824698,1.70139630212122,0.621986109878171,1.28390824756287,1.15545930059833,-0.604902634153842,1.18696318813975,1.60714630663581,1.19818787574951,1.29778520825771
ccRCC: Sarcosine-Low,X117_T,Reference,-0.21607593573541,-0.140278930897382,0.163413250165816,0.866421311061061,0.594220370330932,-0.188436153941559,0.0876565083250138,-0.840488405873683,-0.121273564790513,-0.353632850572565,-0.287914716995042,0.698038757122064,0.560898077492362,0.700590869349092,-0.294646512024781,-0.0440385825586896
ccRCC: Sarcosine-Low,X13_T,Target,0.311442377013076,0.911435967119722,0.745693276778273,0.240657871855478,1.36338769560978,1.07476257448079,1.32975065678939,0.559659282104606,0.543202009027245,-1.02358617955724,-0.291235637238759,-0.869937449013556,0.019755948771591,-0.732127754639589,0.444477113733343,0.64146488767202
ccRCC: Sarcosine-Low,X22_T,Target,-0.0982165623249478,-0.378709949796564,0.252378875679857,0.179624025350514,0.0154408212829224,-0.772069193864857,-0.683659889054846,0.0939770299570066,-1.00153423320111,0.108269922124019,-0.541546572136552,-0.110787577173999,-0.653164837963159,-0.0584790414219455,-1.08009451881496,-0.192362742188764
ccRCC: Sarcosine-Low,X34_T,Target,0.154865301857177,-0.99797829114476,-1.52083746952345,-1.94567793876367,-0.450664620413321,-1.66101501801214,-0.782700794404589,-1.46725133864417,0.996238813534021,1.47201011110396,1.49638995730802,-0.503328133048734,-1.00039567631426,-1.1516241268497,-1.72294823278764,-0.847798642313396
ccRCC: Sarcosine-Low,X49_T,Target,0.0167450782195769,-1.9298975478309,-1.57132982752716,-0.858971173070379,-1.1478344099827,-1.61139641174227,-1.70171664275299,-1.857844111151,1.97683293760836,-0.976785147001586,0.606284664303675,-0.495417129965293,-1.12651857393039,-1.1516241268497,-1.0200995195709,-1.52193507891243
ccRCC: Sarcosine-Low,X94_T,Reference,-0.764374300668033,0.854419064073529,1.41256062149757,0.480542481784787,-0.0448487135449718,1.03777618340947,1.32616256047669,1.37451125490685,0.298757540400428,0.631636088963948,0.564056432650288,-1.64427889505197,0.796428317032258,0.220824218474905,1.37835417178324,0.160094325306819
ccRCC: Sarcosine-Low,X98_T,Reference,-0.523134044121413,0.31331520412516,0.153744329643735,0.596395589022341,0.0933286695591093,0.58700379521911,-0.320942724541192,0.307442200884427,-0.50897556752563,-0.107242557766627,-0.373585745341205,0.699006442038131,-1.06274045604322,-0.732127754639589,1.05195507759107,0.9409494177147
ccRCC: Sarcosine-Low,Y102_T,Target,0.0854354884091469,-2.16136036542295,-0.393093069889032,-0.78532529275979,0.231861569327358,0.220104286773067,-1.47625504363489,-1.0657018182789,-0.348590804552868,1.90055597065089,0.940887714143973,1.52476365520466,0.341766377577591,0.0850537988284989,-1.24439244382918,-0.370255164206793
ccRCC: Sarcosine-Low,Y10_T,Reference,-0.204413079499384,-1.01715078907767,-0.886551215510014,-0.427680723090259,-0.854375082006393,-0.809490568218831,-0.863660814933375,-0.24752256282939,-1.77110568162133,-0.0618383866099808,-1.11123277260656,-0.0825458664815553,-0.82135123662026,-1.65553655093074,0.575471804808771,-0.501783050882644
ccRCC: Sarcosine-Low,Y12_T,Target,0.720118816002645,0.581342213164049,0.127558926191986,0.5055731427329,0.584419056233218,-0.0775102326347574,-0.504162704941799,-1.86818411352881,1.25818947153107,0.710330362477305,1.19342635216739,1.02983781982807,0.6642973478887,0.588966222909541,-0.777183873053397,0.497270503978589
ccRCC: Sarcosine-Low,Y19_T,Target,-0.128838901714652,0.238146113996381,0.369445348867119,0.866727640664608,-0.563043842991324,-0.477985918804323,0.780156582731706,0.383382760525175,0.13175619395889,-0.312386920776588,-0.109508406098423,-2.07252524743128,-0.879758150615686,-1.1516241268497,0.464145560237469,-0.568446917772775
ccRCC: Sarcosine-Low,Y27_T,Target,-0.0112971423791811,-0.725795179138813,-0.987793985749899,-1.34965786312058,-0.732177845526729,-1.91193092797461,-1.19658367374981,-0.402228955317248,-0.342685311595204,0.151716335432023,-0.115776028598855,-0.713540749487188,-1.12651857393039,-0.732127754639589,-0.6503120504682,-1.05778025777708
ccRCC: Sarcosine-Low,Y48_T,Target,0.0413464891919579,-0.0890080541251106,1.15938231561539,0.0380432067078192,0.258469096025705,0.700476548529,0.637836631010757,0.163970642991361,1.29952589844152,2.13356705122303,2.0813321383849,-0.415165290269791,1.37649620722132,1.52987433089443,1.6238160047107,0.224224217214631
ccRCC: Sarcosine-Low,Y57_T,Target,0.191153550850042,-0.620153344790625,0.213237927210711,-0.0891284305004604,0.623595264321227,-0.298434509852014,-0.794716486889782,-0.307268726136463,-0.369476628215208,-1.30068267737667,-1.01254358385218,1.42304003192028,-0.599294680405587,-0.933126284897769,0.307798462256807,0.26797243608195
ccRCC: Sarcosine-Low,Y7_T,Reference,-0.208077328411018,0.801269408200614,-0.157243043306119,0.827016193023871,-0.617223882273391,0.25243429677499,1.17668882301005,1.12825757208041,-0.639577589732211,-1.59520237711965,-1.35484807298387,-2.4506629662117,-0.546450683741327,-0.54603218245997,-0.507772584679412,-0.366675422064531
ccRCC: Sarcosine-Low,Y89_T,Reference,-0.300146581353634,0.825325943945011,0.832055425919903,0.0893264724026634,0.618192969476097,1.07098349913554,0.862613669475461,-0.00135607986951816,1.10219582826912,0.484529920786963,0.96196151538395,-1.6242053748847,0.144930230908,0.588966222909541,-0.144336359133365,0.931342654194036
ccRCC: Sarcosine-Low,Y8_T,Target,-0.0365273965214848,-0.0285243481293294,-0.246722729536506,-0.096988153842587,0.347268478256724,-0.500643078464009,-0.741350936628266,-0.563836159296155,0.716935201274784,0.228178325968593,0.572980454510024,-0.568171324663056,-0.393702421437696,0.588966222909541,-0.555514545196483,1.10830940124225
ccRCC: Sarcosine-Low,Z16_T,Target,1.13560586354461,2.30076092543611,1.08782999844483,0.804187198937902,1.7658128849598,0.764455422422488,1.01024318474415,0.968368153422486,0.907812283538743,-0.725209590444298,0.110703921876114,-0.258830255027414,0.796428317032258,1.10323388255478,0.123097909043698,2.10694972905159
ccRCC: Sarcosine-Low,Z23_T,Target,0.657766343236832,-0.0525765026980595,-0.258325341346478,0.817654785618354,-0.0610759738614739,-0.019494591734234,0.235264341535303,0.27416405892188,-0.288960741508376,1.28378369509455,0.603117077125515,0.929770889011119,2.41270707219349,2.38598908386506,0.848397888408039,2.19477802052581
ccRCC: Sarcosine-Low,Z26_T,Target,-0.137887156848775,-0.732575492886786,-0.560212311785711,-0.882721642450896,-0.0722508657828983,-1.34462380799681,-0.0463846190801279,-0.317640292089986,-1.07288662115338,0.975902520442976,-0.0587971629899056,0.306451483326717,-0.939421223085598,-0.732127754639589,-0.249987334798849,0.32938637068904
ccRCC: Sarcosine-Low,Z43_T,Reference,-0.56782653641751,-0.493450378400063,-0.718927949351993,-0.261742118008795,0.715558567518351,0.623760397893694,-0.277043369474625,-2.22166143879557,2.37343512166898,1.37706796722528,2.2737638416665,0.166367011385968,-0.879758150615686,1.45014887077045,-0.347387159126739,-0.68978351180963
ccRCC: Sarcosine-Low,Z58_T,Reference,-0.706041647108262,-0.662642490019464,-0.291905716936416,-1.46217785363588,-0.663732072813125,-1.38489816797874,-1.17293410966119,-0.0474737855379332,1.10884394905781,1.38835937530526,1.51394372692016,0.542995698427868,-2.98568734700587,-2.28662253221921,-0.889317209661345,-0.568184119203289
ccRCC: Sarcosine-Low,Z76_T,Target,-0.0670611327493289,0.219129162503059,-0.263012338974921,0.518896376745511,0.942923345783955,0.30505722342758,0.148541560358818,-1.99995031262202,0.109888938738616,-0.162563501139502,-0.0319342532252256,0.204910350994695,0.595794461428077,1.10323388255478,-0.895563200168724,-0.688473822708289
ccRCC: Sarcosine-Low,Z81_T,Reference,-0.231981722104401,-1.00658212146318,-0.206075549805763,-1.07186453886566,-0.21878075106799,0.232191405013645,-0.77555563359246,0.302448700382323,0.563317032490076,-0.210134054356534,0.214119190449434,-0.634439923474925,0.6642973478887,-0.54603218245997,-1.1077480015965,-0.662214175365527
ccRCC: Sarcosine-Low,Z84_T,Reference,-0.571828769059334,-1.07612727752066,-0.046890860034237,-0.591589240054998,1.75787731266603,-0.810053902162497,-0.849648930486978,-1.03337230073477,0.302287749878593,0.237077268595726,0.326993111963617,1.45864331589134,-0.156444589142336,0.472147901266314,-0.531294335539212,-0.130633571987668
ccRCC: Sarcosine-Low,Z87_T,Reference,-0.229960361327158,2.24495897310605,0.953313663710821,1.01171275555095,0.425848043735407,0.907767539261481,1.20041902641725,0.203265423809314,0.711241228951291,1.77005075846477,1.50429738834499,-0.20453180439692,0.922551214648391,0.700590869349092,0.42774064768962,1.86717080287381
ccRCC: Sarcosine-Low,Z96_T,Target,0.278850670659604,0.801283515760027,-0.609787137568796,0.421950582471461,0.448060000222656,-0.200278805523668,0.140720592526555,-2.03851204534361,1.48977243371011,1.45232277932601,1.7836619662974,-0.167137320573567,-0.296351171626149,0.700590869349092,-0.0912350164629725,0.081766602986989
