cohort,model,route,edge,outcome,predictor,standardized_beta,standard_error,CI_low,CI_high,t_value,p_value,residual_df,partial_R2,BH_q
Melanoma: Degradation-High,Grouped primary,,,APC,target_group_z,0.379663874404754,0.106538617023245,0.167011904800056,0.592315844009452,3.56362683328167,0.000679690269722404,67,0.159341606556911,0.00101953540458361
Melanoma: Degradation-High,Grouped primary,,,TCR,target_group_z,0.427037549236144,0.102264923235867,0.222915908133597,0.631159190338691,4.175796898133,8.76721857623553e-05,67,0.206511623648877,0.000175344371524711
Melanoma: Degradation-High,Grouped primary,,,CD28_family,target_group_z,-0.18989535236608,0.118073787780613,-0.425571619167595,0.045780914435434,-1.60827695914113,0.112477051513723,67,0.0371703238589972,0.112477051513723
Melanoma: Degradation-High,Grouped primary,,,Canonical_NFkB,target_group_z,0.37276236108578,0.10789979747101,0.157393463936007,0.588131258235553,3.45470862617637,0.000960126618010458,67,0.151200480445621,0.00115215194161255
Melanoma: Degradation-High,Grouped primary,,,Noncanonical_NFkB,target_group_z,0.51627106619336,0.100383298295041,0.315905164191845,0.716636968194874,5.14299763966677,2.54486249390497e-06,67,0.283042316826402,7.63458748171491e-06
Melanoma: Degradation-High,Grouped primary,,,IFNG_response,target_group_z,0.497406591377469,0.0893588181582443,0.319045643827786,0.675767538927152,5.56639626205237,4.94625386188478e-07,67,0.316220247140233,2.96775231713087e-06
Melanoma: Degradation-High,Continuous sensitivity,,,APC,target_continuous_z,0.36607448090475,0.110632066248103,0.145251952450456,0.586897009359045,3.30893648938809,0.00150959001066593,67,0.140464305711585,0.00181150801279912
Melanoma: Degradation-High,Continuous sensitivity,,,TCR,target_continuous_z,0.483342169775345,0.102045042329158,0.279659412799481,0.687024926751209,4.73655710011145,1.1706827426153e-05,67,0.250852349693486,2.3413654852306e-05
Melanoma: Degradation-High,Continuous sensitivity,,,CD28_family,target_continuous_z,-0.189749231928374,0.121381180796726,-0.432027082820094,0.0525286189633465,-1.56325083248401,0.122704975944014,67,0.0351903958797605,0.122704975944014
Melanoma: Degradation-High,Continuous sensitivity,,,Canonical_NFkB,target_continuous_z,0.464267189050351,0.10605957525294,0.252571390821108,0.675962987279593,4.37741889822892,4.3091072991419e-05,67,0.222393184140939,6.46366094871286e-05
Melanoma: Degradation-High,Continuous sensitivity,,,Noncanonical_NFkB,target_continuous_z,0.612647935563549,0.09602520955328,0.420980815098172,0.804315056028925,6.38007392447937,1.91563518828109e-08,67,0.377932440875399,1.14938111296865e-07
Melanoma: Degradation-High,Continuous sensitivity,,,IFNG_response,target_continuous_z,0.535408095804965,0.0896507237134232,0.356464502328559,0.714351689281372,5.97215586922027,9.91648823673832e-08,67,0.347402464295555,2.9749464710215e-07
Melanoma: Degradation-High,Grouped + named T-cell/APC context,,,APC,target_group_z,0.0323460074478786,0.0929568155300323,-0.153301572690551,0.217993587586309,0.347968110390231,0.728988520088074,65,0.00185933345225346,0.777161758899986
Melanoma: Degradation-High,Grouped + named T-cell/APC context,,,TCR,target_group_z,0.0182382363799782,0.0641743167668673,-0.109926724380289,0.146403197140245,0.284198372477172,0.777161758899986,65,0.00124105348651419,0.777161758899986
Melanoma: Degradation-High,Grouped + named T-cell/APC context,,,CD28_family,target_group_z,-0.352497147931923,0.137448540658509,-0.627000838934191,-0.0779934569296556,-2.56457541304642,0.0126490250033027,65,0.0918876556150905,0.0758941500198165
Melanoma: Degradation-High,Grouped + named T-cell/APC context,,,Canonical_NFkB,target_group_z,0.157454349577454,0.118217918875013,-0.0786431376590448,0.393551836813953,1.33189918310036,0.187544870316898,65,0.0265665770795666,0.281317305475346
Melanoma: Degradation-High,Grouped + named T-cell/APC context,,,Noncanonical_NFkB,target_group_z,0.132816363081479,0.0798316394044267,-0.0266184302621825,0.29225115642514,1.66370581980199,0.100985688316285,65,0.0408440627237076,0.20197137663257
Melanoma: Degradation-High,Grouped + named T-cell/APC context,,,IFNG_response,target_group_z,0.140386873740565,0.0704866739785521,-0.000384734898469463,0.2811584823796,1.99167964405985,0.0506110632863202,65,0.0575173635142094,0.151833189858961
ccRCC: Sarcosine-Low,Grouped primary,,,APC,target_group_z,-0.00765329281256992,0.114990249154467,-0.236364273493125,0.221057687867985,-0.0665560155651914,0.947095221752913,83,5.33670699714814e-05,0.947095221752913
ccRCC: Sarcosine-Low,Grouped primary,,,TCR,target_group_z,0.0168662366970608,0.119662861173528,-0.22113838135777,0.254870854751892,0.140947964403111,0.88825257074129,83,0.000239296081141968,0.947095221752913
ccRCC: Sarcosine-Low,Grouped primary,,,CD28_family,target_group_z,-0.0408645857659219,0.114607683687682,-0.268814659119758,0.187085487587914,-0.356560611392185,0.722325607441547,83,0.00152940996797452,0.947095221752913
ccRCC: Sarcosine-Low,Grouped primary,,,Canonical_NFkB,target_group_z,0.0845765452646736,0.116907574309319,-0.147947918034401,0.317101008563749,0.723447952490206,0.471438682262531,83,0.00626623298933999,0.947095221752913
ccRCC: Sarcosine-Low,Grouped primary,,,Noncanonical_NFkB,target_group_z,-0.0474107863786657,0.119493117218334,-0.285077790533689,0.190256217776358,-0.396765834571359,0.69255848364646,83,0.00189307366152715,0.947095221752913
ccRCC: Sarcosine-Low,Grouped primary,,,IFNG_response,target_group_z,0.0701565408730936,0.119625422704939,-0.167773613573484,0.308086695319671,0.58646848877715,0.559152401606027,83,0.00412681793666804,0.947095221752913
ccRCC: Sarcosine-Low,Continuous sensitivity,,,APC,target_continuous_z,-0.0213196414494527,0.106524117942007,-0.23319182765474,0.190552544755835,-0.200139103344271,0.841861355772716,83,0.000482365532739063,0.964598805498758
ccRCC: Sarcosine-Low,Continuous sensitivity,,,TCR,target_continuous_z,-0.0515553451150722,0.110745277534405,-0.271823247975339,0.168712557745194,-0.465530867436364,0.642770570399164,83,0.00260427220839971,0.964598805498758
ccRCC: Sarcosine-Low,Continuous sensitivity,,,CD28_family,target_continuous_z,-0.34444232365846,0.0993212804276622,-0.541988355744579,-0.146896291572341,-3.46796096642476,0.000833688549812647,83,0.126561761308962,0.00500213129887588
ccRCC: Sarcosine-Low,Continuous sensitivity,,,Canonical_NFkB,target_continuous_z,-0.00483741836051842,0.108663215831609,-0.220964184234082,0.211289347513045,-0.0445175335875828,0.964598805498758,83,2.38766684058112e-05,0.964598805498758
ccRCC: Sarcosine-Low,Continuous sensitivity,,,Noncanonical_NFkB,target_continuous_z,-0.100789197384906,0.110270596632383,-0.320112979022634,0.118534584252821,-0.914016976990836,0.363355524493882,83,0.00996508354262199,0.964598805498758
ccRCC: Sarcosine-Low,Continuous sensitivity,,,IFNG_response,target_continuous_z,-0.0417018118649346,0.110976870200072,-0.262430343222598,0.179026719492729,-0.375770300511749,0.708046369922347,83,0.00169835548573125,0.964598805498758
ccRCC: Sarcosine-Low,Grouped + named T-cell/APC context,,,APC,target_group_z,-0.0659979938528002,0.0718867619189297,-0.209030100880497,0.0770341131748967,-0.918082719141383,0.361301270655353,81,0.0102987079832124,0.832966843232571
ccRCC: Sarcosine-Low,Grouped + named T-cell/APC context,,,TCR,target_group_z,-0.0243044199416615,0.071538164664892,-0.166642927780605,0.118034087897282,-0.339740613356679,0.734931249175186,81,0.00142295606829483,0.832966843232571
ccRCC: Sarcosine-Low,Grouped + named T-cell/APC context,,,CD28_family,target_group_z,-0.0730916926231426,0.103549983167067,-0.279123677924849,0.132940292678564,-0.705859048815263,0.482301018240845,81,0.00611346963019562,0.832966843232571
ccRCC: Sarcosine-Low,Grouped + named T-cell/APC context,,,Canonical_NFkB,target_group_z,0.0195443379107204,0.0923736564649501,-0.164250263005297,0.203338938826738,0.211579130443279,0.832966843232571,81,0.000552358046035114,0.832966843232571
ccRCC: Sarcosine-Low,Grouped + named T-cell/APC context,,,Noncanonical_NFkB,target_group_z,-0.0867493602714995,0.0848166976032188,-0.255507983493404,0.0820092629504048,-1.02278634659088,0.309453854877188,81,0.0127500516649881,0.832966843232571
ccRCC: Sarcosine-Low,Grouped + named T-cell/APC context,,,IFNG_response,target_group_z,0.0448776040348497,0.0778538843382082,-0.110027204860879,0.199782412930578,0.576433718321556,0.565920454943351,81,0.00408541170427746,0.832966843232571
