cohort,model,route,edge,outcome,predictor,standardized_beta,standard_error,CI_low,CI_high,t_value,p_value,residual_df,partial_R2,direction,edge_order,BH_q
Melanoma: Degradation-High,Grouped primary,APC -> TCR -> canonical NF-kappaB -> IFNG,Forward Target state -> APC,APC,target_group_z,0.379663874404754,0.106538617023245,0.167011904800056,0.592315844009452,3.56362683328167,0.000679690269722404,67,0.159341606556911,Forward,1,0.000679690269722404
Melanoma: Degradation-High,Grouped primary,APC -> TCR -> canonical NF-kappaB -> IFNG,Forward APC -> TCR,TCR,APC,0.375981319042909,0.10871279328556,0.158929224084043,0.593033414001775,3.45848273859826,0.000956029638638442,66,0.153423982158224,Forward,2,0.00191205927727688
Melanoma: Degradation-High,Grouped primary,APC -> TCR -> canonical NF-kappaB -> IFNG,Forward TCR -> Canonical_NFkB,Canonical_NFkB,TCR,0.0922653175826778,0.120572970410694,-0.148535532351946,0.333066167517302,0.765223891129206,0.446907842703905,65,0.00892829969993556,Forward,3,0.584975434175837
Melanoma: Degradation-High,Grouped primary,APC -> TCR -> canonical NF-kappaB -> IFNG,Forward Canonical_NFkB -> IFNG_response,IFNG_response,Canonical_NFkB,0.227569531787931,0.0529242146250435,0.121841258800008,0.333297804775855,4.29991325143342,5.94991821175059e-05,64,0.22414136484505,Forward,4,0.000118998364235012
Melanoma: Degradation-High,Grouped primary,APC -> TCR -> canonical NF-kappaB -> IFNG,Reverse Target state -> IFNG_response,IFNG_response,target_group_z,0.497406591377469,0.0893588181582443,0.319045643827786,0.675767538927152,5.56639626205237,4.94625386188478e-07,67,0.316220247140233,Reverse,1,4.94625386188478e-07
Melanoma: Degradation-High,Grouped primary,APC -> TCR -> canonical NF-kappaB -> IFNG,Reverse IFNG_response -> Canonical_NFkB,Canonical_NFkB,IFNG_response,0.764667656406175,0.115030513925481,0.535001825208762,0.994333487603589,6.64752012584715,6.82613836552405e-09,66,0.401031988252421,Reverse,2,6.82613836552405e-09
Melanoma: Degradation-High,Grouped primary,APC -> TCR -> canonical NF-kappaB -> IFNG,Reverse Canonical_NFkB -> TCR,TCR,Canonical_NFkB,-0.236844019228827,0.107781818060588,-0.452099173913037,-0.0215888645446165,-2.19743945213179,0.031558528140432,65,0.0691511852527202,Reverse,3,0.063117056280864
Melanoma: Degradation-High,Grouped primary,APC -> TCR -> canonical NF-kappaB -> IFNG,Reverse TCR -> APC,APC,TCR,-0.247243343886731,0.112965198802288,-0.472917271439955,-0.0215694163335073,-2.18866824923185,0.0322767157589501,64,0.0696358481419017,Reverse,4,0.1291068630358
Melanoma: Degradation-High,Grouped primary,APC -> TCR -> noncanonical NF-kappaB -> IFNG,Forward Target state -> APC,APC,target_group_z,0.379663874404754,0.106538617023245,0.167011904800056,0.592315844009452,3.56362683328167,0.000679690269722404,67,0.159341606556911,Forward,1,0.000679690269722404
Melanoma: Degradation-High,Grouped primary,APC -> TCR -> noncanonical NF-kappaB -> IFNG,Forward APC -> TCR,TCR,APC,0.375981319042909,0.10871279328556,0.158929224084043,0.593033414001775,3.45848273859826,0.000956029638638442,66,0.153423982158224,Forward,2,0.00191205927727688
Melanoma: Degradation-High,Grouped primary,APC -> TCR -> noncanonical NF-kappaB -> IFNG,Forward TCR -> Noncanonical_NFkB,Noncanonical_NFkB,TCR,0.661325966720138,0.0809385284277276,0.49968056334766,0.822971370092617,8.17071893406927,1.45207964590753e-11,65,0.506681235739294,Forward,3,5.80831858363011e-11
Melanoma: Degradation-High,Grouped primary,APC -> TCR -> noncanonical NF-kappaB -> IFNG,Forward Noncanonical_NFkB -> IFNG_response,IFNG_response,Noncanonical_NFkB,0.264761441709713,0.0831639392834062,0.0986223740333767,0.43090050938605,3.18360871299589,0.00224658870051266,64,0.136714299772722,Forward,4,0.00224658870051266
Melanoma: Degradation-High,Grouped primary,APC -> TCR -> noncanonical NF-kappaB -> IFNG,Reverse Target state -> IFNG_response,IFNG_response,target_group_z,0.497406591377469,0.0893588181582443,0.319045643827786,0.675767538927152,5.56639626205237,4.94625386188478e-07,67,0.316220247140233,Reverse,1,4.94625386188478e-07
Melanoma: Degradation-High,Grouped primary,APC -> TCR -> noncanonical NF-kappaB -> IFNG,Reverse IFNG_response -> Noncanonical_NFkB,Noncanonical_NFkB,IFNG_response,0.834310145770781,0.0925967018273058,0.649434865590046,1.01918542595152,9.01014970626904,4.17192633053175e-13,66,0.551578030733239,Reverse,2,8.3438526610635e-13
Melanoma: Degradation-High,Grouped primary,APC -> TCR -> noncanonical NF-kappaB -> IFNG,Reverse Noncanonical_NFkB -> TCR,TCR,Noncanonical_NFkB,0.58992974611078,0.11792148466058,0.354424278881269,0.825435213340291,5.00273336795925,4.55848501850615e-06,65,0.277997115442354,Reverse,3,1.82339400740246e-05
Melanoma: Degradation-High,Grouped primary,APC -> TCR -> noncanonical NF-kappaB -> IFNG,Reverse TCR -> APC,APC,TCR,-0.221715609518341,0.128113161588646,-0.477651071532374,0.0342198524956921,-1.73062319881106,0.0883382623119153,64,0.0447056365909204,Reverse,4,0.176676524623831
Melanoma: Degradation-High,Grouped primary,APC -> broad CD28-family regulation -> canonical NF-kappaB -> IFNG,Forward Target state -> APC,APC,target_group_z,0.379663874404754,0.106538617023245,0.167011904800056,0.592315844009452,3.56362683328167,0.000679690269722404,67,0.159341606556911,Forward,1,0.000679690269722404
Melanoma: Degradation-High,Grouped primary,APC -> broad CD28-family regulation -> canonical NF-kappaB -> IFNG,Forward APC -> CD28_family,CD28_family,APC,0.403521524997864,0.127055085557033,0.14984786192775,0.657195188067979,3.17595728835843,0.00227106182257711,66,0.132568557641996,Forward,2,0.00227106182257711
Melanoma: Degradation-High,Grouped primary,APC -> broad CD28-family regulation -> canonical NF-kappaB -> IFNG,Forward CD28_family -> Canonical_NFkB,Canonical_NFkB,CD28_family,0.138569391231842,0.102194890279416,-0.0655278981891411,0.342666680652825,1.35593267777844,0.179812689034503,65,0.027507379086003,Forward,3,0.359625378069007
Melanoma: Degradation-High,Grouped primary,APC -> broad CD28-family regulation -> canonical NF-kappaB -> IFNG,Forward Canonical_NFkB -> IFNG_response,IFNG_response,Canonical_NFkB,0.243922531686334,0.0700188020585035,0.104043894454261,0.383801168918407,3.483671878341,0.000897656040025371,64,0.159398636345556,Forward,4,0.00119687472003383
Melanoma: Degradation-High,Grouped primary,APC -> broad CD28-family regulation -> canonical NF-kappaB -> IFNG,Reverse Target state -> IFNG_response,IFNG_response,target_group_z,0.497406591377469,0.0893588181582443,0.319045643827786,0.675767538927152,5.56639626205237,4.94625386188478e-07,67,0.316220247140233,Reverse,1,4.94625386188478e-07
Melanoma: Degradation-High,Grouped primary,APC -> broad CD28-family regulation -> canonical NF-kappaB -> IFNG,Reverse IFNG_response -> Canonical_NFkB,Canonical_NFkB,IFNG_response,0.764667656406175,0.115030513925481,0.535001825208762,0.994333487603589,6.64752012584715,6.82613836552405e-09,66,0.401031988252421,Reverse,2,6.82613836552405e-09
Melanoma: Degradation-High,Grouped primary,APC -> broad CD28-family regulation -> canonical NF-kappaB -> IFNG,Reverse Canonical_NFkB -> CD28_family,CD28_family,Canonical_NFkB,0.0921304622314906,0.157962013929548,-0.223341463873156,0.407602388336137,0.583244413891692,0.561747036108695,65,0.0052062004930478,Reverse,3,0.561747036108695
Melanoma: Degradation-High,Grouped primary,APC -> broad CD28-family regulation -> canonical NF-kappaB -> IFNG,Reverse CD28_family -> APC,APC,CD28_family,0.034349005328079,0.0797963908099489,-0.12506261090048,0.193760621556638,0.43045813199607,0.66830857625127,64,0.0028868638167234,Reverse,4,0.786899605592604
Melanoma: Degradation-High,Grouped primary,APC -> broad CD28-family regulation -> noncanonical NF-kappaB -> IFNG,Forward Target state -> APC,APC,target_group_z,0.379663874404754,0.106538617023245,0.167011904800056,0.592315844009452,3.56362683328167,0.000679690269722404,67,0.159341606556911,Forward,1,0.000679690269722404
Melanoma: Degradation-High,Grouped primary,APC -> broad CD28-family regulation -> noncanonical NF-kappaB -> IFNG,Forward APC -> CD28_family,CD28_family,APC,0.403521524997864,0.127055085557033,0.14984786192775,0.657195188067979,3.17595728835843,0.00227106182257711,66,0.132568557641996,Forward,2,0.00227106182257711
Melanoma: Degradation-High,Grouped primary,APC -> broad CD28-family regulation -> noncanonical NF-kappaB -> IFNG,Forward CD28_family -> Noncanonical_NFkB,Noncanonical_NFkB,CD28_family,0.0539939676231139,0.0983730174499404,-0.14247051468907,0.250458449935298,0.548869690315133,0.584975434175837,65,0.00461335579840617,Forward,3,0.584975434175837
Melanoma: Degradation-High,Grouped primary,APC -> broad CD28-family regulation -> noncanonical NF-kappaB -> IFNG,Forward Noncanonical_NFkB -> IFNG_response,IFNG_response,Noncanonical_NFkB,0.419199508648943,0.059569458345601,0.300195835220293,0.538203182077593,7.03715494972097,1.6010840860878e-09,64,0.436230388675708,Forward,4,6.4043363443512e-09
Melanoma: Degradation-High,Grouped primary,APC -> broad CD28-family regulation -> noncanonical NF-kappaB -> IFNG,Reverse Target state -> IFNG_response,IFNG_response,target_group_z,0.497406591377469,0.0893588181582443,0.319045643827786,0.675767538927152,5.56639626205237,4.94625386188478e-07,67,0.316220247140233,Reverse,1,4.94625386188478e-07
Melanoma: Degradation-High,Grouped primary,APC -> broad CD28-family regulation -> noncanonical NF-kappaB -> IFNG,Reverse IFNG_response -> Noncanonical_NFkB,Noncanonical_NFkB,IFNG_response,0.834310145770781,0.0925967018273058,0.649434865590046,1.01918542595152,9.01014970626904,4.17192633053175e-13,66,0.551578030733239,Reverse,2,8.3438526610635e-13
Melanoma: Degradation-High,Grouped primary,APC -> broad CD28-family regulation -> noncanonical NF-kappaB -> IFNG,Reverse Noncanonical_NFkB -> CD28_family,CD28_family,Noncanonical_NFkB,-0.222827360262935,0.194794023026867,-0.611857887978075,0.166203167452205,-1.14391271765152,0.256855100581611,65,0.0197340550479663,Reverse,3,0.342473467442148
Melanoma: Degradation-High,Grouped primary,APC -> broad CD28-family regulation -> noncanonical NF-kappaB -> IFNG,Reverse CD28_family -> APC,APC,CD28_family,0.021528915208612,0.0793035342641623,-0.136898106883104,0.179955937300328,0.271474851762579,0.786899605592604,64,0.00115021602865773,Reverse,4,0.786899605592604
Melanoma: Degradation-High,Continuous sensitivity,APC -> TCR -> canonical NF-kappaB -> IFNG,Forward Target state -> APC,APC,target_continuous_z,0.36607448090475,0.110632066248103,0.145251952450456,0.586897009359045,3.30893648938809,0.00150959001066593,67,0.140464305711585,Forward,1,0.00150959001066593
Melanoma: Degradation-High,Continuous sensitivity,APC -> TCR -> canonical NF-kappaB -> IFNG,Forward APC -> TCR,TCR,APC,0.360468296904556,0.104508331137897,0.151810681470546,0.569125912338566,3.44918240469198,0.000984318530220753,66,0.152725788609785,Forward,2,0.00196863706044151
Melanoma: Degradation-High,Continuous sensitivity,APC -> TCR -> canonical NF-kappaB -> IFNG,Forward TCR -> Canonical_NFkB,Canonical_NFkB,TCR,0.0258334530710179,0.119972616825808,-0.213768407960792,0.265435314102828,0.215327911939491,0.830185890542948,65,0.000712816294488358,Forward,3,0.830185890542948
Melanoma: Degradation-High,Continuous sensitivity,APC -> TCR -> canonical NF-kappaB -> IFNG,Forward Canonical_NFkB -> IFNG_response,IFNG_response,Canonical_NFkB,0.209550172959028,0.0547261479903071,0.100222124252213,0.318878221665843,3.82906856510607,0.00029520352800511,64,0.186389993609665,Forward,4,0.000590407056010221
Melanoma: Degradation-High,Continuous sensitivity,APC -> TCR -> canonical NF-kappaB -> IFNG,Reverse Target state -> IFNG_response,IFNG_response,target_continuous_z,0.535408095804965,0.0896507237134232,0.356464502328559,0.714351689281372,5.97215586922027,9.91648823673832e-08,67,0.347402464295555,Reverse,1,9.91648823673832e-08
Melanoma: Degradation-High,Continuous sensitivity,APC -> TCR -> canonical NF-kappaB -> IFNG,Reverse IFNG_response -> Canonical_NFkB,Canonical_NFkB,IFNG_response,0.702731954738768,0.117145977369682,0.468842464499068,0.936621444978467,5.99877153716624,9.30920372543441e-08,66,0.352847656327523,Reverse,2,9.30920372543441e-08
Melanoma: Degradation-High,Continuous sensitivity,APC -> TCR -> canonical NF-kappaB -> IFNG,Reverse Canonical_NFkB -> TCR,TCR,Canonical_NFkB,-0.24950617135318,0.107461025197915,-0.464120658450605,-0.0348916842557546,-2.32182943438008,0.0233865732126688,65,0.076585077630502,Reverse,3,0.0467731464253377
Melanoma: Degradation-High,Continuous sensitivity,APC -> TCR -> canonical NF-kappaB -> IFNG,Reverse TCR -> APC,APC,TCR,-0.227899143819126,0.112314719856216,-0.452273590292273,-0.00352469734597977,-2.02911198203477,0.0466106737617826,64,0.0604442001008018,Reverse,4,0.150192636054894
Melanoma: Degradation-High,Continuous sensitivity,APC -> TCR -> noncanonical NF-kappaB -> IFNG,Forward Target state -> APC,APC,target_continuous_z,0.36607448090475,0.110632066248103,0.145251952450456,0.586897009359045,3.30893648938809,0.00150959001066593,67,0.140464305711585,Forward,1,0.00150959001066593
Melanoma: Degradation-High,Continuous sensitivity,APC -> TCR -> noncanonical NF-kappaB -> IFNG,Forward APC -> TCR,TCR,APC,0.360468296904556,0.104508331137897,0.151810681470546,0.569125912338566,3.44918240469198,0.000984318530220753,66,0.152725788609785,Forward,2,0.00196863706044151
Melanoma: Degradation-High,Continuous sensitivity,APC -> TCR -> noncanonical NF-kappaB -> IFNG,Forward TCR -> Noncanonical_NFkB,Noncanonical_NFkB,TCR,0.612744966003948,0.0795457480384758,0.453881137144909,0.771608794862987,7.703051151239,9.8351895333373e-11,65,0.47722720068735,Forward,3,3.93407581333492e-10
Melanoma: Degradation-High,Continuous sensitivity,APC -> TCR -> noncanonical NF-kappaB -> IFNG,Forward Noncanonical_NFkB -> IFNG_response,IFNG_response,Noncanonical_NFkB,0.235277931024139,0.0866516300628322,0.062171400052653,0.408384461995626,2.71521644605573,0.00850466301211212,64,0.103294835439031,Forward,4,0.00954280849717403
Melanoma: Degradation-High,Continuous sensitivity,APC -> TCR -> noncanonical NF-kappaB -> IFNG,Reverse Target state -> IFNG_response,IFNG_response,target_continuous_z,0.535408095804965,0.0896507237134232,0.356464502328559,0.714351689281372,5.97215586922027,9.91648823673832e-08,67,0.347402464295555,Reverse,1,9.91648823673832e-08
Melanoma: Degradation-High,Continuous sensitivity,APC -> TCR -> noncanonical NF-kappaB -> IFNG,Reverse IFNG_response -> Noncanonical_NFkB,Noncanonical_NFkB,IFNG_response,0.76797338604951,0.0919057257419843,0.584477684135074,0.951469087963945,8.35609946876993,6.1072394387692e-12,66,0.514078465941847,Reverse,2,1.22144788775384e-11
Melanoma: Degradation-High,Continuous sensitivity,APC -> TCR -> noncanonical NF-kappaB -> IFNG,Reverse Noncanonical_NFkB -> TCR,TCR,Noncanonical_NFkB,0.601194904892937,0.12147906696887,0.358584455173315,0.843805354612558,4.94895886092865,5.57260338164339e-06,65,0.273679667077326,Reverse,3,2.22904135265736e-05
Melanoma: Degradation-High,Continuous sensitivity,APC -> TCR -> noncanonical NF-kappaB -> IFNG,Reverse TCR -> APC,APC,TCR,-0.229223669951994,0.126689817116874,-0.482315674506459,0.0238683346024714,-1.80932986698157,0.0750963180274471,64,0.0486620448280159,Reverse,4,0.150192636054894
Melanoma: Degradation-High,Continuous sensitivity,APC -> broad CD28-family regulation -> canonical NF-kappaB -> IFNG,Forward Target state -> APC,APC,target_continuous_z,0.36607448090475,0.110632066248103,0.145251952450456,0.586897009359045,3.30893648938809,0.00150959001066593,67,0.140464305711585,Forward,1,0.00150959001066593
Melanoma: Degradation-High,Continuous sensitivity,APC -> broad CD28-family regulation -> canonical NF-kappaB -> IFNG,Forward APC -> CD28_family,CD28_family,APC,0.38664352516685,0.126387385064697,0.13430296914225,0.63898408119145,3.05919396124011,0.0032056488848921,66,0.12418833797165,Forward,2,0.0032056488848921
Melanoma: Degradation-High,Continuous sensitivity,APC -> broad CD28-family regulation -> canonical NF-kappaB -> IFNG,Forward CD28_family -> Canonical_NFkB,Canonical_NFkB,CD28_family,0.170080358811124,0.0969712531169031,-0.0235846068129193,0.363745324435168,1.75392555364923,0.0841568907516428,65,0.0451883678769341,Forward,3,0.168313781503286
Melanoma: Degradation-High,Continuous sensitivity,APC -> broad CD28-family regulation -> canonical NF-kappaB -> IFNG,Forward Canonical_NFkB -> IFNG_response,IFNG_response,Canonical_NFkB,0.190846020466338,0.0714142053864139,0.0481797446263643,0.333512296306311,2.67238176821673,0.00954280849717403,64,0.100386017101125,Forward,4,0.00954280849717403
Melanoma: Degradation-High,Continuous sensitivity,APC -> broad CD28-family regulation -> canonical NF-kappaB -> IFNG,Reverse Target state -> IFNG_response,IFNG_response,target_continuous_z,0.535408095804965,0.0896507237134232,0.356464502328559,0.714351689281372,5.97215586922027,9.91648823673832e-08,67,0.347402464295555,Reverse,1,9.91648823673832e-08
Melanoma: Degradation-High,Continuous sensitivity,APC -> broad CD28-family regulation -> canonical NF-kappaB -> IFNG,Reverse IFNG_response -> Canonical_NFkB,Canonical_NFkB,IFNG_response,0.702731954738768,0.117145977369682,0.468842464499068,0.936621444978467,5.99877153716624,9.30920372543441e-08,66,0.352847656327523,Reverse,2,9.30920372543441e-08
Melanoma: Degradation-High,Continuous sensitivity,APC -> broad CD28-family regulation -> canonical NF-kappaB -> IFNG,Reverse Canonical_NFkB -> CD28_family,CD28_family,Canonical_NFkB,0.158452522678299,0.157066056900969,-0.155230053680282,0.472135099036879,1.00882727818273,0.31679825376941,65,0.015416047159102,Reverse,3,0.422397671692547
Melanoma: Degradation-High,Continuous sensitivity,APC -> broad CD28-family regulation -> canonical NF-kappaB -> IFNG,Reverse CD28_family -> APC,APC,CD28_family,-0.000518889892773431,0.0792763930843546,-0.158891691244735,0.157853911459188,-0.00654532670553393,0.994797982040607,64,6.69394890694174e-07,Reverse,4,0.999367002714438
Melanoma: Degradation-High,Continuous sensitivity,APC -> broad CD28-family regulation -> noncanonical NF-kappaB -> IFNG,Forward Target state -> APC,APC,target_continuous_z,0.36607448090475,0.110632066248103,0.145251952450456,0.586897009359045,3.30893648938809,0.00150959001066593,67,0.140464305711585,Forward,1,0.00150959001066593
Melanoma: Degradation-High,Continuous sensitivity,APC -> broad CD28-family regulation -> noncanonical NF-kappaB -> IFNG,Forward APC -> CD28_family,CD28_family,APC,0.38664352516685,0.126387385064697,0.13430296914225,0.63898408119145,3.05919396124011,0.0032056488848921,66,0.12418833797165,Forward,2,0.0032056488848921
Melanoma: Degradation-High,Continuous sensitivity,APC -> broad CD28-family regulation -> noncanonical NF-kappaB -> IFNG,Forward CD28_family -> Noncanonical_NFkB,Noncanonical_NFkB,CD28_family,0.0833400195565362,0.0903827804621759,-0.0971668575703474,0.26384689668342,0.922078510202648,0.359897603815081,65,0.0129115539116998,Forward,3,0.479863471753442
Melanoma: Degradation-High,Continuous sensitivity,APC -> broad CD28-family regulation -> noncanonical NF-kappaB -> IFNG,Forward Noncanonical_NFkB -> IFNG_response,IFNG_response,Noncanonical_NFkB,0.389976911691462,0.0644160455761888,0.26129106723003,0.518662756152895,6.05403371478638,8.18879515596425e-08,64,0.364141500411288,Forward,4,3.2755180623857e-07
Melanoma: Degradation-High,Continuous sensitivity,APC -> broad CD28-family regulation -> noncanonical NF-kappaB -> IFNG,Reverse Target state -> IFNG_response,IFNG_response,target_continuous_z,0.535408095804965,0.0896507237134232,0.356464502328559,0.714351689281372,5.97215586922027,9.91648823673832e-08,67,0.347402464295555,Reverse,1,9.91648823673832e-08
Melanoma: Degradation-High,Continuous sensitivity,APC -> broad CD28-family regulation -> noncanonical NF-kappaB -> IFNG,Reverse IFNG_response -> Noncanonical_NFkB,Noncanonical_NFkB,IFNG_response,0.76797338604951,0.0919057257419843,0.584477684135074,0.951469087963945,8.35609946876993,6.1072394387692e-12,66,0.514078465941847,Reverse,2,1.22144788775384e-11
Melanoma: Degradation-High,Continuous sensitivity,APC -> broad CD28-family regulation -> noncanonical NF-kappaB -> IFNG,Reverse Noncanonical_NFkB -> CD28_family,CD28_family,Noncanonical_NFkB,-0.128469866225316,0.201132423752536,-0.530159054308269,0.273219321857638,-0.638732750435997,0.525241157198197,65,0.00623745802015439,Reverse,3,0.525241157198197
Melanoma: Degradation-High,Continuous sensitivity,APC -> broad CD28-family regulation -> noncanonical NF-kappaB -> IFNG,Reverse CD28_family -> APC,APC,CD28_family,6.24815625918038e-05,0.0784501278305784,-0.156659665189568,0.156784628314752,0.000796449468211696,0.999367002714438,64,9.91143358011807e-09,Reverse,4,0.999367002714438
Melanoma: Degradation-High,Grouped + named T-cell/APC context,APC -> TCR -> canonical NF-kappaB -> IFNG,Forward Target state -> APC,APC,target_group_z,0.0323460074478786,0.0929568155300323,-0.153301572690551,0.217993587586309,0.347968110390231,0.728988520088074,65,0.00185933345225346,Forward,1,0.728988520088074
Melanoma: Degradation-High,Grouped + named T-cell/APC context,APC -> TCR -> canonical NF-kappaB -> IFNG,Forward APC -> TCR,TCR,APC,0.0894500742905924,0.085568435929712,-0.0814925276397769,0.260392676220962,1.04536296963601,0.299787533634366,64,0.0167880934802219,Forward,2,0.299787533634366
Melanoma: Degradation-High,Grouped + named T-cell/APC context,APC -> TCR -> canonical NF-kappaB -> IFNG,Forward TCR -> Canonical_NFkB,Canonical_NFkB,TCR,0.183585038588665,0.217562902555618,-0.251179730136715,0.618349807314046,0.843825102681435,0.401959886427293,63,0.0111759220852266,Forward,3,0.535946515236391
Melanoma: Degradation-High,Grouped + named T-cell/APC context,APC -> TCR -> canonical NF-kappaB -> IFNG,Forward Canonical_NFkB -> IFNG_response,IFNG_response,Canonical_NFkB,0.238476093230609,0.0506127569904648,0.137302633608138,0.33964955285308,4.71177836203502,1.43061445667247e-05,62,0.263665437187737,Forward,4,4.62462316632991e-05
Melanoma: Degradation-High,Grouped + named T-cell/APC context,APC -> TCR -> canonical NF-kappaB -> IFNG,Reverse Target state -> IFNG_response,IFNG_response,target_group_z,0.140386873740565,0.0704866739785521,-0.000384734898469463,0.2811584823796,1.99167964405985,0.0506110632863202,65,0.0575173635142094,Reverse,1,0.0506110632863202
Melanoma: Degradation-High,Grouped + named T-cell/APC context,APC -> TCR -> canonical NF-kappaB -> IFNG,Reverse IFNG_response -> Canonical_NFkB,Canonical_NFkB,IFNG_response,1.00618556112307,0.167727436105453,0.671111488172533,1.34125963407361,5.99893246141595,1.01757984642755e-07,64,0.359918009828046,Reverse,2,2.03515969285511e-07
Melanoma: Degradation-High,Grouped + named T-cell/APC context,APC -> TCR -> canonical NF-kappaB -> IFNG,Reverse Canonical_NFkB -> TCR,TCR,Canonical_NFkB,-0.0113457422917113,0.0824780341832457,-0.176164941867503,0.15347345728408,-0.13756077486648,0.891026265973651,63,0.000300274360319375,Reverse,3,0.891026265973651
Melanoma: Degradation-High,Grouped + named T-cell/APC context,APC -> TCR -> canonical NF-kappaB -> IFNG,Reverse TCR -> APC,APC,TCR,-0.0719521136744313,0.141442008272187,-0.354690659522533,0.21078643217367,-0.50870398796918,0.612765246229851,62,0.00415651813970311,Reverse,4,0.765571644097932
Melanoma: Degradation-High,Grouped + named T-cell/APC context,APC -> TCR -> noncanonical NF-kappaB -> IFNG,Forward Target state -> APC,APC,target_group_z,0.0323460074478786,0.0929568155300323,-0.153301572690551,0.217993587586309,0.347968110390231,0.728988520088074,65,0.00185933345225346,Forward,1,0.728988520088074
Melanoma: Degradation-High,Grouped + named T-cell/APC context,APC -> TCR -> noncanonical NF-kappaB -> IFNG,Forward APC -> TCR,TCR,APC,0.0894500742905924,0.085568435929712,-0.0814925276397769,0.260392676220962,1.04536296963601,0.299787533634366,64,0.0167880934802219,Forward,2,0.299787533634366
Melanoma: Degradation-High,Grouped + named T-cell/APC context,APC -> TCR -> noncanonical NF-kappaB -> IFNG,Forward TCR -> Noncanonical_NFkB,Noncanonical_NFkB,TCR,0.452340308489659,0.142768744570718,0.167039738009206,0.737640878970113,3.168342691881,0.00236543926482714,63,0.137439977376367,Forward,3,0.00946175705930856
Melanoma: Degradation-High,Grouped + named T-cell/APC context,APC -> TCR -> noncanonical NF-kappaB -> IFNG,Forward Noncanonical_NFkB -> IFNG_response,IFNG_response,Noncanonical_NFkB,0.234245695471388,0.0848163210650552,0.0647002854827846,0.403791105459992,2.76179976365302,0.00755354471320885,62,0.109547718629484,Forward,4,0.00755354471320885
Melanoma: Degradation-High,Grouped + named T-cell/APC context,APC -> TCR -> noncanonical NF-kappaB -> IFNG,Reverse Target state -> IFNG_response,IFNG_response,target_group_z,0.140386873740565,0.0704866739785521,-0.000384734898469463,0.2811584823796,1.99167964405985,0.0506110632863202,65,0.0575173635142094,Reverse,1,0.0506110632863202
Melanoma: Degradation-High,Grouped + named T-cell/APC context,APC -> TCR -> noncanonical NF-kappaB -> IFNG,Reverse IFNG_response -> Noncanonical_NFkB,Noncanonical_NFkB,IFNG_response,0.493251366530474,0.127440885464573,0.238658930465392,0.747843802595555,3.87043266948731,0.000257426768932236,64,0.189670825673571,Reverse,2,0.000257426768932236
Melanoma: Degradation-High,Grouped + named T-cell/APC context,APC -> TCR -> noncanonical NF-kappaB -> IFNG,Reverse Noncanonical_NFkB -> TCR,TCR,Noncanonical_NFkB,0.271219813677755,0.103049629069953,0.0652915620155451,0.477148065339966,2.63193391500366,0.0106635045257909,63,0.0990614296496056,Reverse,3,0.0426540181031637
Melanoma: Degradation-High,Grouped + named T-cell/APC context,APC -> TCR -> noncanonical NF-kappaB -> IFNG,Reverse TCR -> APC,APC,TCR,-0.0446415601515195,0.149061045747923,-0.342610344900826,0.253327224597787,-0.299485086311637,0.765571644097932,62,0.00144454441664526,Reverse,4,0.765571644097932
Melanoma: Degradation-High,Grouped + named T-cell/APC context,APC -> broad CD28-family regulation -> canonical NF-kappaB -> IFNG,Forward Target state -> APC,APC,target_group_z,0.0323460074478786,0.0929568155300323,-0.153301572690551,0.217993587586309,0.347968110390231,0.728988520088074,65,0.00185933345225346,Forward,1,0.728988520088074
Melanoma: Degradation-High,Grouped + named T-cell/APC context,APC -> broad CD28-family regulation -> canonical NF-kappaB -> IFNG,Forward APC -> CD28_family,CD28_family,APC,0.473100921777304,0.175112284316416,0.123273918563089,0.822927924991518,2.70170036113768,0.00882051022988491,64,0.102374029347052,Forward,2,0.0176410204597698
Melanoma: Degradation-High,Grouped + named T-cell/APC context,APC -> broad CD28-family regulation -> canonical NF-kappaB -> IFNG,Forward CD28_family -> Canonical_NFkB,Canonical_NFkB,CD28_family,0.149466367234059,0.105239494718271,-0.0608379817358596,0.359770716203977,1.42024976112043,0.160465107635632,63,0.031024285808378,Forward,3,0.320930215271264
Melanoma: Degradation-High,Grouped + named T-cell/APC context,APC -> broad CD28-family regulation -> canonical NF-kappaB -> IFNG,Forward Canonical_NFkB -> IFNG_response,IFNG_response,Canonical_NFkB,0.237099043878735,0.0517908767130162,0.133570556487228,0.340627531270242,4.57800792198497,2.31231158316495e-05,62,0.252635273123853,Forward,4,4.62462316632991e-05
Melanoma: Degradation-High,Grouped + named T-cell/APC context,APC -> broad CD28-family regulation -> canonical NF-kappaB -> IFNG,Reverse Target state -> IFNG_response,IFNG_response,target_group_z,0.140386873740565,0.0704866739785521,-0.000384734898469463,0.2811584823796,1.99167964405985,0.0506110632863202,65,0.0575173635142094,Reverse,1,0.0506110632863202
Melanoma: Degradation-High,Grouped + named T-cell/APC context,APC -> broad CD28-family regulation -> canonical NF-kappaB -> IFNG,Reverse IFNG_response -> Canonical_NFkB,Canonical_NFkB,IFNG_response,1.00618556112307,0.167727436105453,0.671111488172533,1.34125963407361,5.99893246141595,1.01757984642755e-07,64,0.359918009828046,Reverse,2,2.03515969285511e-07
Melanoma: Degradation-High,Grouped + named T-cell/APC context,APC -> broad CD28-family regulation -> canonical NF-kappaB -> IFNG,Reverse Canonical_NFkB -> CD28_family,CD28_family,Canonical_NFkB,0.0916850741746806,0.170041548118205,-0.24811584534292,0.431485993692282,0.539192186788051,0.591654742901582,63,0.0045935356172379,Reverse,3,0.788872990535443
Melanoma: Degradation-High,Grouped + named T-cell/APC context,APC -> broad CD28-family regulation -> canonical NF-kappaB -> IFNG,Reverse CD28_family -> APC,APC,CD28_family,0.0626806166819896,0.0682865328751843,-0.0738222175324672,0.199183450896446,0.917905977106184,0.362225171416312,62,0.0134073388853172,Reverse,4,0.765571644097932
Melanoma: Degradation-High,Grouped + named T-cell/APC context,APC -> broad CD28-family regulation -> noncanonical NF-kappaB -> IFNG,Forward Target state -> APC,APC,target_group_z,0.0323460074478786,0.0929568155300323,-0.153301572690551,0.217993587586309,0.347968110390231,0.728988520088074,65,0.00185933345225346,Forward,1,0.728988520088074
Melanoma: Degradation-High,Grouped + named T-cell/APC context,APC -> broad CD28-family regulation -> noncanonical NF-kappaB -> IFNG,Forward APC -> CD28_family,CD28_family,APC,0.473100921777304,0.175112284316416,0.123273918563089,0.822927924991518,2.70170036113768,0.00882051022988491,64,0.102374029347052,Forward,2,0.0176410204597698
Melanoma: Degradation-High,Grouped + named T-cell/APC context,APC -> broad CD28-family regulation -> noncanonical NF-kappaB -> IFNG,Forward CD28_family -> Noncanonical_NFkB,Noncanonical_NFkB,CD28_family,-0.0149922417090007,0.0750927679492264,-0.165053164352042,0.135068680934041,-0.199649608323635,0.842397645030339,63,0.000632297821175575,Forward,3,0.842397645030339
Melanoma: Degradation-High,Grouped + named T-cell/APC context,APC -> broad CD28-family regulation -> noncanonical NF-kappaB -> IFNG,Forward Noncanonical_NFkB -> IFNG_response,IFNG_response,Noncanonical_NFkB,0.265621977400327,0.0768839421602997,0.111933166904646,0.419310787896008,3.45484336438572,0.000998887380075276,62,0.161436268220994,Forward,4,0.00133184984010037
Melanoma: Degradation-High,Grouped + named T-cell/APC context,APC -> broad CD28-family regulation -> noncanonical NF-kappaB -> IFNG,Reverse Target state -> IFNG_response,IFNG_response,target_group_z,0.140386873740565,0.0704866739785521,-0.000384734898469463,0.2811584823796,1.99167964405985,0.0506110632863202,65,0.0575173635142094,Reverse,1,0.0506110632863202
Melanoma: Degradation-High,Grouped + named T-cell/APC context,APC -> broad CD28-family regulation -> noncanonical NF-kappaB -> IFNG,Reverse IFNG_response -> Noncanonical_NFkB,Noncanonical_NFkB,IFNG_response,0.493251366530474,0.127440885464573,0.238658930465392,0.747843802595555,3.87043266948731,0.000257426768932236,64,0.189670825673571,Reverse,2,0.000257426768932236
Melanoma: Degradation-High,Grouped + named T-cell/APC context,APC -> broad CD28-family regulation -> noncanonical NF-kappaB -> IFNG,Reverse Noncanonical_NFkB -> CD28_family,CD28_family,Noncanonical_NFkB,-0.229170721137638,0.222444799082846,-0.673691181617769,0.215349739342494,-1.03023636462854,0.306838141327561,63,0.0165682795402126,Reverse,3,0.613676282655122
Melanoma: Degradation-High,Grouped + named T-cell/APC context,APC -> broad CD28-family regulation -> noncanonical NF-kappaB -> IFNG,Reverse CD28_family -> APC,APC,CD28_family,0.0545624265142044,0.0687555456706244,-0.0828779509194614,0.19200280394787,0.793571281880118,0.430471770539087,62,0.0100552105881566,Reverse,4,0.765571644097932
ccRCC: Sarcosine-Low,Grouped primary,APC -> TCR -> canonical NF-kappaB -> IFNG,Forward Target state -> APC,APC,target_group_z,-0.00765329281256992,0.114990249154467,-0.236364273493125,0.221057687867985,-0.0665560155651914,0.947095221752913,83,5.33670699714814e-05,Forward,1,0.947095221752913
ccRCC: Sarcosine-Low,Grouped primary,APC -> TCR -> canonical NF-kappaB -> IFNG,Forward APC -> TCR,TCR,APC,0.839934931403781,0.0678439934765213,0.704971616190685,0.974898246616877,12.3803875385734,1.84448156018121e-20,82,0.651470194191894,Forward,2,3.68896312036241e-20
ccRCC: Sarcosine-Low,Grouped primary,APC -> TCR -> canonical NF-kappaB -> IFNG,Forward TCR -> Canonical_NFkB,Canonical_NFkB,TCR,0.1798473692878,0.148387850156096,-0.115397906734956,0.475092645310556,1.21200872644634,0.229032647309837,81,0.0178123388629542,Forward,3,0.229032647309837
ccRCC: Sarcosine-Low,Grouped primary,APC -> TCR -> canonical NF-kappaB -> IFNG,Forward Canonical_NFkB -> IFNG_response,IFNG_response,Canonical_NFkB,-0.175860186298072,0.0641121975937995,-0.30344752558573,-0.048272847010414,-2.74300668044921,0.00751093765173047,80,0.0859658869121347,Forward,4,0.0100145835356406
ccRCC: Sarcosine-Low,Grouped primary,APC -> TCR -> canonical NF-kappaB -> IFNG,Reverse Target state -> IFNG_response,IFNG_response,target_group_z,0.0701565408730936,0.119625422704939,-0.167773613573484,0.308086695319671,0.58646848877715,0.559152401606027,83,0.00412681793666804,Reverse,1,0.559152401606027
ccRCC: Sarcosine-Low,Grouped primary,APC -> TCR -> canonical NF-kappaB -> IFNG,Reverse IFNG_response -> Canonical_NFkB,Canonical_NFkB,IFNG_response,0.396677402387977,0.098632349498102,0.200466239197423,0.592888565578531,4.02177788936895,0.000127796239149253,82,0.164754237305457,Reverse,2,0.000127796239149253
ccRCC: Sarcosine-Low,Grouped primary,APC -> TCR -> canonical NF-kappaB -> IFNG,Reverse Canonical_NFkB -> TCR,TCR,Canonical_NFkB,0.240957740672327,0.0644586794829484,0.112705187677012,0.369210293667641,3.73817370453685,0.000344191263395098,81,0.147134490325212,Reverse,3,0.000688382526790196
ccRCC: Sarcosine-Low,Grouped primary,APC -> TCR -> canonical NF-kappaB -> IFNG,Reverse TCR -> APC,APC,TCR,0.182049336131239,0.0944062473768146,-0.00582508351125774,0.369923755773737,1.92836111157564,0.0573578469164232,80,0.044417580048476,Reverse,4,0.0573578469164232
ccRCC: Sarcosine-Low,Grouped primary,APC -> TCR -> noncanonical NF-kappaB -> IFNG,Forward Target state -> APC,APC,target_group_z,-0.00765329281256992,0.114990249154467,-0.236364273493125,0.221057687867985,-0.0665560155651914,0.947095221752913,83,5.33670699714814e-05,Forward,1,0.947095221752913
ccRCC: Sarcosine-Low,Grouped primary,APC -> TCR -> noncanonical NF-kappaB -> IFNG,Forward APC -> TCR,TCR,APC,0.839934931403781,0.0678439934765213,0.704971616190685,0.974898246616877,12.3803875385734,1.84448156018121e-20,82,0.651470194191894,Forward,2,3.68896312036241e-20
ccRCC: Sarcosine-Low,Grouped primary,APC -> TCR -> noncanonical NF-kappaB -> IFNG,Forward TCR -> Noncanonical_NFkB,Noncanonical_NFkB,TCR,0.533334698945572,0.10422488433219,0.325959872025936,0.740709525865208,5.11715318623626,2.04476109257806e-06,81,0.244299053152662,Forward,3,8.17904437031223e-06
ccRCC: Sarcosine-Low,Grouped primary,APC -> TCR -> noncanonical NF-kappaB -> IFNG,Forward Noncanonical_NFkB -> IFNG_response,IFNG_response,Noncanonical_NFkB,0.284384904244402,0.0900244581560746,0.105230523049746,0.463539285439057,3.15897379522536,0.00223465172592558,80,0.110904795965621,Forward,4,0.00446930345185116
ccRCC: Sarcosine-Low,Grouped primary,APC -> TCR -> noncanonical NF-kappaB -> IFNG,Reverse Target state -> IFNG_response,IFNG_response,target_group_z,0.0701565408730936,0.119625422704939,-0.167773613573484,0.308086695319671,0.58646848877715,0.559152401606027,83,0.00412681793666804,Reverse,1,0.559152401606027
ccRCC: Sarcosine-Low,Grouped primary,APC -> TCR -> noncanonical NF-kappaB -> IFNG,Reverse IFNG_response -> Noncanonical_NFkB,Noncanonical_NFkB,IFNG_response,0.815477766855809,0.0637052318998661,0.688747766850716,0.942207766860901,12.800797399774,3.00192981807986e-21,82,0.666477418456504,Reverse,2,6.00385963615972e-21
ccRCC: Sarcosine-Low,Grouped primary,APC -> TCR -> noncanonical NF-kappaB -> IFNG,Reverse Noncanonical_NFkB -> TCR,TCR,Noncanonical_NFkB,0.39585754595882,0.0987089437557875,0.199457710565052,0.592257381352587,4.01035135112171,0.00013422526859341,81,0.165661666310466,Reverse,3,0.000536901074373641
ccRCC: Sarcosine-Low,Grouped primary,APC -> TCR -> noncanonical NF-kappaB -> IFNG,Reverse TCR -> APC,APC,TCR,0.275566379087046,0.103502151335054,0.0695905336940133,0.481542224480079,2.66242175194012,0.00937565231312916,80,0.0813941040769667,Reverse,4,0.0125008697508389
ccRCC: Sarcosine-Low,Grouped primary,APC -> broad CD28-family regulation -> canonical NF-kappaB -> IFNG,Forward Target state -> APC,APC,target_group_z,-0.00765329281256992,0.114990249154467,-0.236364273493125,0.221057687867985,-0.0665560155651914,0.947095221752913,83,5.33670699714814e-05,Forward,1,0.947095221752913
ccRCC: Sarcosine-Low,Grouped primary,APC -> broad CD28-family regulation -> canonical NF-kappaB -> IFNG,Forward APC -> CD28_family,CD28_family,APC,0.694531625541418,0.0789398515229096,0.537495114009289,0.851568137073548,8.79823830603298,1.8138174997846e-13,82,0.485599926013244,Forward,2,1.8138174997846e-13
ccRCC: Sarcosine-Low,Grouped primary,APC -> broad CD28-family regulation -> canonical NF-kappaB -> IFNG,Forward CD28_family -> Canonical_NFkB,Canonical_NFkB,CD28_family,0.215582846661448,0.126432424438481,-0.0359780190852971,0.467143712408192,1.70512309337503,0.0920040733648015,81,0.0346506173767248,Forward,3,0.184008146729603
ccRCC: Sarcosine-Low,Grouped primary,APC -> broad CD28-family regulation -> canonical NF-kappaB -> IFNG,Forward Canonical_NFkB -> IFNG_response,IFNG_response,Canonical_NFkB,-0.136178819141179,0.0746730606760397,-0.284782945745679,0.0124253074633217,-1.82366730261633,0.0719370550507006,80,0.0399127752764409,Forward,4,0.0719370550507006
ccRCC: Sarcosine-Low,Grouped primary,APC -> broad CD28-family regulation -> canonical NF-kappaB -> IFNG,Reverse Target state -> IFNG_response,IFNG_response,target_group_z,0.0701565408730936,0.119625422704939,-0.167773613573484,0.308086695319671,0.58646848877715,0.559152401606027,83,0.00412681793666804,Reverse,1,0.559152401606027
ccRCC: Sarcosine-Low,Grouped primary,APC -> broad CD28-family regulation -> canonical NF-kappaB -> IFNG,Reverse IFNG_response -> Canonical_NFkB,Canonical_NFkB,IFNG_response,0.396677402387977,0.098632349498102,0.200466239197423,0.592888565578531,4.02177788936895,0.000127796239149253,82,0.164754237305457,Reverse,2,0.000127796239149253
ccRCC: Sarcosine-Low,Grouped primary,APC -> broad CD28-family regulation -> canonical NF-kappaB -> IFNG,Reverse Canonical_NFkB -> CD28_family,CD28_family,Canonical_NFkB,0.321579078435106,0.0894117504272824,0.1436777414536,0.499480415416612,3.59660868843679,0.000552952525429952,81,0.137707055429787,Reverse,3,0.000737270033906603
ccRCC: Sarcosine-Low,Grouped primary,APC -> broad CD28-family regulation -> canonical NF-kappaB -> IFNG,Reverse CD28_family -> APC,APC,CD28_family,0.214704453677457,0.0653540623930223,0.084645724678722,0.344763182676191,3.28525030909754,0.00151365516540495,80,0.118873537555938,Reverse,4,0.0030273103308099
ccRCC: Sarcosine-Low,Grouped primary,APC -> broad CD28-family regulation -> noncanonical NF-kappaB -> IFNG,Forward Target state -> APC,APC,target_group_z,-0.00765329281256992,0.114990249154467,-0.236364273493125,0.221057687867985,-0.0665560155651914,0.947095221752913,83,5.33670699714814e-05,Forward,1,0.947095221752913
ccRCC: Sarcosine-Low,Grouped primary,APC -> broad CD28-family regulation -> noncanonical NF-kappaB -> IFNG,Forward APC -> CD28_family,CD28_family,APC,0.694531625541418,0.0789398515229096,0.537495114009289,0.851568137073548,8.79823830603298,1.8138174997846e-13,82,0.485599926013244,Forward,2,1.8138174997846e-13
ccRCC: Sarcosine-Low,Grouped primary,APC -> broad CD28-family regulation -> noncanonical NF-kappaB -> IFNG,Forward CD28_family -> Noncanonical_NFkB,Noncanonical_NFkB,CD28_family,0.139137196797482,0.101875010196591,-0.0635621176927077,0.341836511287671,1.36576375824635,0.175793602191755,81,0.022510150856342,Forward,3,0.229032647309837
ccRCC: Sarcosine-Low,Grouped primary,APC -> broad CD28-family regulation -> noncanonical NF-kappaB -> IFNG,Forward Noncanonical_NFkB -> IFNG_response,IFNG_response,Noncanonical_NFkB,0.414772534040554,0.0824313487189164,0.250728922190369,0.578816145890739,5.03173295701968,2.92830328978384e-06,80,0.240398181171005,Forward,4,1.17132131591354e-05
ccRCC: Sarcosine-Low,Grouped primary,APC -> broad CD28-family regulation -> noncanonical NF-kappaB -> IFNG,Reverse Target state -> IFNG_response,IFNG_response,target_group_z,0.0701565408730936,0.119625422704939,-0.167773613573484,0.308086695319671,0.58646848877715,0.559152401606027,83,0.00412681793666804,Reverse,1,0.559152401606027
ccRCC: Sarcosine-Low,Grouped primary,APC -> broad CD28-family regulation -> noncanonical NF-kappaB -> IFNG,Reverse IFNG_response -> Noncanonical_NFkB,Noncanonical_NFkB,IFNG_response,0.815477766855809,0.0637052318998661,0.688747766850716,0.942207766860901,12.800797399774,3.00192981807986e-21,82,0.666477418456504,Reverse,2,6.00385963615972e-21
ccRCC: Sarcosine-Low,Grouped primary,APC -> broad CD28-family regulation -> noncanonical NF-kappaB -> IFNG,Reverse Noncanonical_NFkB -> CD28_family,CD28_family,Noncanonical_NFkB,0.357020928484662,0.143702492311823,0.0710980448851568,0.642943812084168,2.484444930224,0.0150363094437807,81,0.0708075250277991,Reverse,3,0.0150363094437807
ccRCC: Sarcosine-Low,Grouped primary,APC -> broad CD28-family regulation -> noncanonical NF-kappaB -> IFNG,Reverse CD28_family -> APC,APC,CD28_family,0.279023774890508,0.0672996594090764,0.145093184437623,0.412954365343393,4.14599089119428,8.35932590892894e-05,80,0.176863615630329,Reverse,4,0.000334373036357157
ccRCC: Sarcosine-Low,Continuous sensitivity,APC -> TCR -> canonical NF-kappaB -> IFNG,Forward Target state -> APC,APC,target_continuous_z,-0.0213196414494527,0.106524117942007,-0.23319182765474,0.190552544755835,-0.200139103344271,0.841861355772716,83,0.000482365532739063,Forward,1,0.841861355772716
ccRCC: Sarcosine-Low,Continuous sensitivity,APC -> TCR -> canonical NF-kappaB -> IFNG,Forward APC -> TCR,TCR,APC,0.839010746093324,0.0677948725425261,0.704145148065769,0.97387634412088,12.3757256946981,1.88220050935429e-20,82,0.6512991456924,Forward,2,3.76440101870858e-20
ccRCC: Sarcosine-Low,Continuous sensitivity,APC -> TCR -> canonical NF-kappaB -> IFNG,Forward TCR -> Canonical_NFkB,Canonical_NFkB,TCR,0.18593805380027,0.149226368390559,-0.110975610485567,0.482851718086108,1.24601339431935,0.21635133891495,81,0.0188068011285608,Forward,3,0.2884684518866
ccRCC: Sarcosine-Low,Continuous sensitivity,APC -> TCR -> canonical NF-kappaB -> IFNG,Forward Canonical_NFkB -> IFNG_response,IFNG_response,Canonical_NFkB,-0.166381981173304,0.064675844339465,-0.295091013232019,-0.037672949114588,-2.57255213090087,0.0119440802500055,80,0.076404703374237,Forward,4,0.0159254403333406
ccRCC: Sarcosine-Low,Continuous sensitivity,APC -> TCR -> canonical NF-kappaB -> IFNG,Reverse Target state -> IFNG_response,IFNG_response,target_continuous_z,-0.0417018118649346,0.110976870200072,-0.262430343222598,0.179026719492729,-0.375770300511749,0.708046369922347,83,0.00169835548573125,Reverse,1,0.708046369922347
ccRCC: Sarcosine-Low,Continuous sensitivity,APC -> TCR -> canonical NF-kappaB -> IFNG,Reverse IFNG_response -> Canonical_NFkB,Canonical_NFkB,IFNG_response,0.40049861221425,0.0986703892952354,0.204211775749348,0.596785448679152,4.05895441453974,0.000111985097157629,82,0.167302283614231,Reverse,2,0.000111985097157629
ccRCC: Sarcosine-Low,Continuous sensitivity,APC -> TCR -> canonical NF-kappaB -> IFNG,Reverse Canonical_NFkB -> TCR,TCR,Canonical_NFkB,0.23798368386193,0.0646100529762184,0.109429945097323,0.366537422626538,3.68338475050511,0.000414050027856145,81,0.143467349590243,Reverse,3,0.000552066703808193
ccRCC: Sarcosine-Low,Continuous sensitivity,APC -> TCR -> canonical NF-kappaB -> IFNG,Reverse TCR -> APC,APC,TCR,0.194940857901364,0.0950002986206938,0.0058842386080723,0.383997477194656,2.05200258032558,0.0434402992201738,80,0.0500021239598852,Reverse,4,0.0434402992201738
ccRCC: Sarcosine-Low,Continuous sensitivity,APC -> TCR -> noncanonical NF-kappaB -> IFNG,Forward Target state -> APC,APC,target_continuous_z,-0.0213196414494527,0.106524117942007,-0.23319182765474,0.190552544755835,-0.200139103344271,0.841861355772716,83,0.000482365532739063,Forward,1,0.841861355772716
ccRCC: Sarcosine-Low,Continuous sensitivity,APC -> TCR -> noncanonical NF-kappaB -> IFNG,Forward APC -> TCR,TCR,APC,0.839010746093324,0.0677948725425261,0.704145148065769,0.97387634412088,12.3757256946981,1.88220050935429e-20,82,0.6512991456924,Forward,2,3.76440101870858e-20
ccRCC: Sarcosine-Low,Continuous sensitivity,APC -> TCR -> noncanonical NF-kappaB -> IFNG,Forward TCR -> Noncanonical_NFkB,Noncanonical_NFkB,TCR,0.524070057359185,0.104008540144124,0.317125687511703,0.731014427206667,5.03872140338653,2.79574304752259e-06,81,0.238641041649186,Forward,3,1.11829721900903e-05
ccRCC: Sarcosine-Low,Continuous sensitivity,APC -> TCR -> noncanonical NF-kappaB -> IFNG,Forward Noncanonical_NFkB -> IFNG_response,IFNG_response,Noncanonical_NFkB,0.274278482556648,0.0915567609805738,0.0920747215606719,0.456482243552624,2.99572068320376,0.00364403753118403,80,0.100864385939953,Forward,4,0.00728807506236805
ccRCC: Sarcosine-Low,Continuous sensitivity,APC -> TCR -> noncanonical NF-kappaB -> IFNG,Reverse Target state -> IFNG_response,IFNG_response,target_continuous_z,-0.0417018118649346,0.110976870200072,-0.262430343222598,0.179026719492729,-0.375770300511749,0.708046369922347,83,0.00169835548573125,Reverse,1,0.708046369922347
ccRCC: Sarcosine-Low,Continuous sensitivity,APC -> TCR -> noncanonical NF-kappaB -> IFNG,Reverse IFNG_response -> Noncanonical_NFkB,Noncanonical_NFkB,IFNG_response,0.80658870946428,0.06408139393936,0.679110403333532,0.934067015595028,12.5869407620495,7.54050504752836e-21,82,0.658945920102018,Reverse,2,1.50810100950567e-20
ccRCC: Sarcosine-Low,Continuous sensitivity,APC -> TCR -> noncanonical NF-kappaB -> IFNG,Reverse Noncanonical_NFkB -> TCR,TCR,Noncanonical_NFkB,0.397647608636209,0.0979936370218186,0.202671009268096,0.592624208004321,4.05789213178883,0.000113423100549994,81,0.168945129732874,Reverse,3,0.000303041907944762
ccRCC: Sarcosine-Low,Continuous sensitivity,APC -> TCR -> noncanonical NF-kappaB -> IFNG,Reverse TCR -> APC,APC,TCR,0.274619606428213,0.103678632412089,0.0682925524992299,0.480946660357196,2.64875799419007,0.00973066526393925,80,0.0806279931250087,Reverse,4,0.012974220351919
ccRCC: Sarcosine-Low,Continuous sensitivity,APC -> broad CD28-family regulation -> canonical NF-kappaB -> IFNG,Forward Target state -> APC,APC,target_continuous_z,-0.0213196414494527,0.106524117942007,-0.23319182765474,0.190552544755835,-0.200139103344271,0.841861355772716,83,0.000482365532739063,Forward,1,0.841861355772716
ccRCC: Sarcosine-Low,Continuous sensitivity,APC -> broad CD28-family regulation -> canonical NF-kappaB -> IFNG,Forward APC -> CD28_family,CD28_family,APC,0.687317903925324,0.0695746855775092,0.548911690799043,0.825724117051605,9.87885030626006,1.29579254233415e-15,82,0.543408701006128,Forward,2,1.29579254233415e-15
ccRCC: Sarcosine-Low,Continuous sensitivity,APC -> broad CD28-family regulation -> canonical NF-kappaB -> IFNG,Forward CD28_family -> Canonical_NFkB,Canonical_NFkB,CD28_family,0.277192175072065,0.143528559533804,-0.00838463685781521,0.562768987001945,1.93126842471222,0.0569477332107431,81,0.0440199059633196,Forward,3,0.113895466421486
ccRCC: Sarcosine-Low,Continuous sensitivity,APC -> broad CD28-family regulation -> canonical NF-kappaB -> IFNG,Forward Canonical_NFkB -> IFNG_response,IFNG_response,Canonical_NFkB,-0.121944858714023,0.0755234976662472,-0.272241408864817,0.0283516914367715,-1.6146611648327,0.11032161196503,80,0.031560600832464,Forward,4,0.11032161196503
ccRCC: Sarcosine-Low,Continuous sensitivity,APC -> broad CD28-family regulation -> canonical NF-kappaB -> IFNG,Reverse Target state -> IFNG_response,IFNG_response,target_continuous_z,-0.0417018118649346,0.110976870200072,-0.262430343222598,0.179026719492729,-0.375770300511749,0.708046369922347,83,0.00169835548573125,Reverse,1,0.708046369922347
ccRCC: Sarcosine-Low,Continuous sensitivity,APC -> broad CD28-family regulation -> canonical NF-kappaB -> IFNG,Reverse IFNG_response -> Canonical_NFkB,Canonical_NFkB,IFNG_response,0.40049861221425,0.0986703892952354,0.204211775749348,0.596785448679152,4.05895441453974,0.000111985097157629,82,0.167302283614231,Reverse,2,0.000111985097157629
ccRCC: Sarcosine-Low,Continuous sensitivity,APC -> broad CD28-family regulation -> canonical NF-kappaB -> IFNG,Reverse Canonical_NFkB -> CD28_family,CD28_family,Canonical_NFkB,0.320432925638805,0.0805931489934199,0.160077839322273,0.480788011955337,3.97593256549595,0.000151520953972381,81,0.163292633583784,Reverse,3,0.000303041907944762
ccRCC: Sarcosine-Low,Continuous sensitivity,APC -> broad CD28-family regulation -> canonical NF-kappaB -> IFNG,Reverse CD28_family -> APC,APC,CD28_family,0.286165529390351,0.0712881962035239,0.144297497758508,0.428033561022194,4.01420634312817,0.000133587502949322,80,0.167653799479921,Reverse,4,0.000267175005898645
ccRCC: Sarcosine-Low,Continuous sensitivity,APC -> broad CD28-family regulation -> noncanonical NF-kappaB -> IFNG,Forward Target state -> APC,APC,target_continuous_z,-0.0213196414494527,0.106524117942007,-0.23319182765474,0.190552544755835,-0.200139103344271,0.841861355772716,83,0.000482365532739063,Forward,1,0.841861355772716
ccRCC: Sarcosine-Low,Continuous sensitivity,APC -> broad CD28-family regulation -> noncanonical NF-kappaB -> IFNG,Forward APC -> CD28_family,CD28_family,APC,0.687317903925324,0.0695746855775092,0.548911690799043,0.825724117051605,9.87885030626006,1.29579254233415e-15,82,0.543408701006128,Forward,2,1.29579254233415e-15
ccRCC: Sarcosine-Low,Continuous sensitivity,APC -> broad CD28-family regulation -> noncanonical NF-kappaB -> IFNG,Forward CD28_family -> Noncanonical_NFkB,Noncanonical_NFkB,CD28_family,0.108706858602068,0.115520439168073,-0.121142579290383,0.338556296494518,0.941018397998885,0.349493427018369,81,0.0108140691135614,Forward,3,0.349493427018369
ccRCC: Sarcosine-Low,Continuous sensitivity,APC -> broad CD28-family regulation -> noncanonical NF-kappaB -> IFNG,Forward Noncanonical_NFkB -> IFNG_response,IFNG_response,Noncanonical_NFkB,0.406581505787584,0.0838180256420044,0.239778318915663,0.573384692659504,4.85076453034263,5.96008887863531e-06,80,0.227276494734522,Forward,4,2.38403555145413e-05
ccRCC: Sarcosine-Low,Continuous sensitivity,APC -> broad CD28-family regulation -> noncanonical NF-kappaB -> IFNG,Reverse Target state -> IFNG_response,IFNG_response,target_continuous_z,-0.0417018118649346,0.110976870200072,-0.262430343222598,0.179026719492729,-0.375770300511749,0.708046369922347,83,0.00169835548573125,Reverse,1,0.708046369922347
ccRCC: Sarcosine-Low,Continuous sensitivity,APC -> broad CD28-family regulation -> noncanonical NF-kappaB -> IFNG,Reverse IFNG_response -> Noncanonical_NFkB,Noncanonical_NFkB,IFNG_response,0.80658870946428,0.06408139393936,0.679110403333532,0.934067015595028,12.5869407620495,7.54050504752836e-21,82,0.658945920102018,Reverse,2,1.50810100950567e-20
ccRCC: Sarcosine-Low,Continuous sensitivity,APC -> broad CD28-family regulation -> noncanonical NF-kappaB -> IFNG,Reverse Noncanonical_NFkB -> CD28_family,CD28_family,Noncanonical_NFkB,0.310253937365051,0.131211632278384,0.049183947142294,0.571323927587809,2.36453073540617,0.0204460135972566,81,0.0645679716966542,Reverse,3,0.0204460135972566
ccRCC: Sarcosine-Low,Continuous sensitivity,APC -> broad CD28-family regulation -> noncanonical NF-kappaB -> IFNG,Reverse CD28_family -> APC,APC,CD28_family,0.350851718851739,0.0705878925732369,0.210377335858302,0.491326101845176,4.97042348286174,3.73047305431851e-06,80,0.23594941730736,Reverse,4,1.4921892217274e-05
ccRCC: Sarcosine-Low,Grouped + named T-cell/APC context,APC -> TCR -> canonical NF-kappaB -> IFNG,Forward Target state -> APC,APC,target_group_z,-0.0659979938528002,0.0718867619189297,-0.209030100880497,0.0770341131748967,-0.918082719141383,0.361301270655353,81,0.0102987079832124,Forward,1,0.361301270655353
ccRCC: Sarcosine-Low,Grouped + named T-cell/APC context,APC -> TCR -> canonical NF-kappaB -> IFNG,Forward APC -> TCR,TCR,APC,0.540655227459049,0.0934088412502693,0.354765709265124,0.726544745652973,5.78805196834073,1.33560871676139e-07,80,0.2951637831414,Forward,2,1.33560871676139e-07
ccRCC: Sarcosine-Low,Grouped + named T-cell/APC context,APC -> TCR -> canonical NF-kappaB -> IFNG,Forward TCR -> Canonical_NFkB,Canonical_NFkB,TCR,0.417153397285142,0.15769572493046,0.103267908444914,0.731038886125369,2.64530568263087,0.00984411789394748,79,0.0813701629398475,Forward,3,0.019688235787895
ccRCC: Sarcosine-Low,Grouped + named T-cell/APC context,APC -> TCR -> canonical NF-kappaB -> IFNG,Forward Canonical_NFkB -> IFNG_response,IFNG_response,Canonical_NFkB,-0.0111226186369674,0.0630137779813307,-0.13657341382585,0.114328176551915,-0.176510899572832,0.860350088497159,78,0.000399277663258171,Forward,4,0.860350088497159
ccRCC: Sarcosine-Low,Grouped + named T-cell/APC context,APC -> TCR -> canonical NF-kappaB -> IFNG,Reverse Target state -> IFNG_response,IFNG_response,target_group_z,0.0448776040348497,0.0778538843382082,-0.110027204860879,0.199782412930578,0.576433718321556,0.565920454943351,81,0.00408541170427746,Reverse,1,0.565920454943351
ccRCC: Sarcosine-Low,Grouped + named T-cell/APC context,APC -> TCR -> canonical NF-kappaB -> IFNG,Reverse IFNG_response -> Canonical_NFkB,Canonical_NFkB,IFNG_response,0.330867521086204,0.127392583443817,0.0773482006355591,0.584386841536848,2.59722750054852,0.0111820096925678,80,0.0777629230025387,Reverse,2,0.0111820096925678
ccRCC: Sarcosine-Low,Grouped + named T-cell/APC context,APC -> TCR -> canonical NF-kappaB -> IFNG,Reverse Canonical_NFkB -> TCR,TCR,Canonical_NFkB,0.198160347996271,0.070883660372491,0.0570699513059656,0.339250744686577,2.79557160218513,0.0065015796521923,79,0.0900213180415434,Reverse,3,0.00866877286958974
ccRCC: Sarcosine-Low,Grouped + named T-cell/APC context,APC -> TCR -> canonical NF-kappaB -> IFNG,Reverse TCR -> APC,APC,TCR,0.120340461175838,0.0893694632356861,-0.0575804727482015,0.298261395099878,1.3465501169955,0.182025061588355,78,0.0227180125692447,Reverse,4,0.182025061588355
ccRCC: Sarcosine-Low,Grouped + named T-cell/APC context,APC -> TCR -> noncanonical NF-kappaB -> IFNG,Forward Target state -> APC,APC,target_group_z,-0.0659979938528002,0.0718867619189297,-0.209030100880497,0.0770341131748967,-0.918082719141383,0.361301270655353,81,0.0102987079832124,Forward,1,0.361301270655353
ccRCC: Sarcosine-Low,Grouped + named T-cell/APC context,APC -> TCR -> noncanonical NF-kappaB -> IFNG,Forward APC -> TCR,TCR,APC,0.540655227459049,0.0934088412502693,0.354765709265124,0.726544745652973,5.78805196834073,1.33560871676139e-07,80,0.2951637831414,Forward,2,1.33560871676139e-07
ccRCC: Sarcosine-Low,Grouped + named T-cell/APC context,APC -> TCR -> noncanonical NF-kappaB -> IFNG,Forward TCR -> Noncanonical_NFkB,Noncanonical_NFkB,TCR,0.463140983768598,0.125380457356273,0.213577426065054,0.712704541472142,3.69388494454575,0.000405146031184231,79,0.147280668185317,Forward,3,0.00162058412473692
ccRCC: Sarcosine-Low,Grouped + named T-cell/APC context,APC -> TCR -> noncanonical NF-kappaB -> IFNG,Forward Noncanonical_NFkB -> IFNG_response,IFNG_response,Noncanonical_NFkB,0.238712047314197,0.0745203045393562,0.0903535174550654,0.387070577173329,3.20331550964243,0.00196791502601489,78,0.116259769150612,Forward,4,0.00393583005202979
ccRCC: Sarcosine-Low,Grouped + named T-cell/APC context,APC -> TCR -> noncanonical NF-kappaB -> IFNG,Reverse Target state -> IFNG_response,IFNG_response,target_group_z,0.0448776040348497,0.0778538843382082,-0.110027204860879,0.199782412930578,0.576433718321556,0.565920454943351,81,0.00408541170427746,Reverse,1,0.565920454943351
ccRCC: Sarcosine-Low,Grouped + named T-cell/APC context,APC -> TCR -> noncanonical NF-kappaB -> IFNG,Reverse IFNG_response -> Noncanonical_NFkB,Noncanonical_NFkB,IFNG_response,0.680957766207359,0.0950765331100235,0.491749435445414,0.870166096969304,7.16220652912689,3.45613678813253e-10,80,0.39069531902839,Reverse,2,6.91227357626505e-10
ccRCC: Sarcosine-Low,Grouped + named T-cell/APC context,APC -> TCR -> noncanonical NF-kappaB -> IFNG,Reverse Noncanonical_NFkB -> TCR,TCR,Noncanonical_NFkB,0.275231895703954,0.0946258461264123,0.0868838603884326,0.463579931019475,2.90863339109557,0.00471190751318182,79,0.0967314643016908,Reverse,3,0.00866877286958974
ccRCC: Sarcosine-Low,Grouped + named T-cell/APC context,APC -> TCR -> noncanonical NF-kappaB -> IFNG,Reverse TCR -> APC,APC,TCR,0.142732258044313,0.0901847810638403,-0.036811848988058,0.322276365076683,1.58266457334165,0.117544527894877,78,0.0311139994995625,Reverse,4,0.15672603719317
ccRCC: Sarcosine-Low,Grouped + named T-cell/APC context,APC -> broad CD28-family regulation -> canonical NF-kappaB -> IFNG,Forward Target state -> APC,APC,target_group_z,-0.0659979938528002,0.0718867619189297,-0.209030100880497,0.0770341131748967,-0.918082719141383,0.361301270655353,81,0.0102987079832124,Forward,1,0.361301270655353
ccRCC: Sarcosine-Low,Grouped + named T-cell/APC context,APC -> broad CD28-family regulation -> canonical NF-kappaB -> IFNG,Forward APC -> CD28_family,CD28_family,APC,0.883117453867681,0.12723146703679,0.629918765285223,1.13631614245014,6.94103019037199,9.20864380333763e-10,80,0.375867447233062,Forward,2,1.84172876066753e-09
ccRCC: Sarcosine-Low,Grouped + named T-cell/APC context,APC -> broad CD28-family regulation -> canonical NF-kappaB -> IFNG,Forward CD28_family -> Canonical_NFkB,Canonical_NFkB,CD28_family,0.284082365799537,0.11648812736362,0.0522185481993047,0.515946183399769,2.43872377579534,0.0169824632671588,79,0.0700124488699288,Forward,3,0.0226432843562117
ccRCC: Sarcosine-Low,Grouped + named T-cell/APC context,APC -> broad CD28-family regulation -> canonical NF-kappaB -> IFNG,Forward Canonical_NFkB -> IFNG_response,IFNG_response,Canonical_NFkB,0.0400016048201428,0.0652188729111464,-0.0898391971462152,0.169842406786501,0.613344006644221,0.541433364251848,78,0.00479981058416103,Forward,4,0.721911152335797
ccRCC: Sarcosine-Low,Grouped + named T-cell/APC context,APC -> broad CD28-family regulation -> canonical NF-kappaB -> IFNG,Reverse Target state -> IFNG_response,IFNG_response,target_group_z,0.0448776040348497,0.0778538843382082,-0.110027204860879,0.199782412930578,0.576433718321556,0.565920454943351,81,0.00408541170427746,Reverse,1,0.565920454943351
ccRCC: Sarcosine-Low,Grouped + named T-cell/APC context,APC -> broad CD28-family regulation -> canonical NF-kappaB -> IFNG,Reverse IFNG_response -> Canonical_NFkB,Canonical_NFkB,IFNG_response,0.330867521086204,0.127392583443817,0.0773482006355591,0.584386841536848,2.59722750054852,0.0111820096925678,80,0.0777629230025387,Reverse,2,0.0111820096925678
ccRCC: Sarcosine-Low,Grouped + named T-cell/APC context,APC -> broad CD28-family regulation -> canonical NF-kappaB -> IFNG,Reverse Canonical_NFkB -> CD28_family,CD28_family,Canonical_NFkB,0.312914952023522,0.110403422661659,0.0931624361764975,0.532667467870546,2.83428669582535,0.00582838919940443,79,0.0923002121143901,Reverse,3,0.00866877286958974
ccRCC: Sarcosine-Low,Grouped + named T-cell/APC context,APC -> broad CD28-family regulation -> canonical NF-kappaB -> IFNG,Reverse CD28_family -> APC,APC,CD28_family,0.217146587832492,0.0525771760051925,0.112473471096158,0.321819704568826,4.13005422373858,9.03077143850554e-05,78,0.179442707686063,Reverse,4,0.000180615428770111
ccRCC: Sarcosine-Low,Grouped + named T-cell/APC context,APC -> broad CD28-family regulation -> noncanonical NF-kappaB -> IFNG,Forward Target state -> APC,APC,target_group_z,-0.0659979938528002,0.0718867619189297,-0.209030100880497,0.0770341131748967,-0.918082719141383,0.361301270655353,81,0.0102987079832124,Forward,1,0.361301270655353
ccRCC: Sarcosine-Low,Grouped + named T-cell/APC context,APC -> broad CD28-family regulation -> noncanonical NF-kappaB -> IFNG,Forward APC -> CD28_family,CD28_family,APC,0.883117453867681,0.12723146703679,0.629918765285223,1.13631614245014,6.94103019037199,9.20864380333763e-10,80,0.375867447233062,Forward,2,1.84172876066753e-09
ccRCC: Sarcosine-Low,Grouped + named T-cell/APC context,APC -> broad CD28-family regulation -> noncanonical NF-kappaB -> IFNG,Forward CD28_family -> Noncanonical_NFkB,Noncanonical_NFkB,CD28_family,0.181134673400356,0.0975773940728869,-0.0130882711457298,0.375357617946442,1.8563180039944,0.0671366488988283,79,0.0417960849597469,Forward,3,0.0671366488988283
ccRCC: Sarcosine-Low,Grouped + named T-cell/APC context,APC -> broad CD28-family regulation -> noncanonical NF-kappaB -> IFNG,Forward Noncanonical_NFkB -> IFNG_response,IFNG_response,Noncanonical_NFkB,0.291729939902019,0.070711152693028,0.150954848830808,0.43250503097323,4.12565668627239,9.17344405060404e-05,78,0.179129196427868,Forward,4,0.000366937762024162
ccRCC: Sarcosine-Low,Grouped + named T-cell/APC context,APC -> broad CD28-family regulation -> noncanonical NF-kappaB -> IFNG,Reverse Target state -> IFNG_response,IFNG_response,target_group_z,0.0448776040348497,0.0778538843382082,-0.110027204860879,0.199782412930578,0.576433718321556,0.565920454943351,81,0.00408541170427746,Reverse,1,0.565920454943351
ccRCC: Sarcosine-Low,Grouped + named T-cell/APC context,APC -> broad CD28-family regulation -> noncanonical NF-kappaB -> IFNG,Reverse IFNG_response -> Noncanonical_NFkB,Noncanonical_NFkB,IFNG_response,0.680957766207359,0.0950765331100235,0.491749435445414,0.870166096969304,7.16220652912689,3.45613678813253e-10,80,0.39069531902839,Reverse,2,6.91227357626505e-10
ccRCC: Sarcosine-Low,Grouped + named T-cell/APC context,APC -> broad CD28-family regulation -> noncanonical NF-kappaB -> IFNG,Reverse Noncanonical_NFkB -> CD28_family,CD28_family,Noncanonical_NFkB,0.325182629716571,0.15089616737018,0.0248313216516757,0.625533937781466,2.15500920522938,0.0342065034630277,79,0.0555217479290234,Reverse,3,0.0342065034630277
ccRCC: Sarcosine-Low,Grouped + named T-cell/APC context,APC -> broad CD28-family regulation -> noncanonical NF-kappaB -> IFNG,Reverse CD28_family -> APC,APC,CD28_family,0.224836193019793,0.0515072148411683,0.122293205330599,0.327379180708987,4.36513979086456,3.85597648408937e-05,78,0.196327384247857,Reverse,4,0.000154239059363575
