cohort,model,route,direction,nodes,serial_product,bootstrap_CI_low,bootstrap_CI_high,positive_fraction,negative_fraction,CI_excludes_zero,bootstrap_replicates_requested,bootstrap_replicates_valid
Melanoma: Degradation-High,Grouped primary,APC -> TCR -> canonical NF-kappaB -> IFNG,Forward,APC -> TCR -> Canonical_NFkB -> IFNG_response,0.00299721667007788,-0.00380103653787919,0.0132609387898558,0.8214,0.1786,FALSE,5000,5000
Melanoma: Degradation-High,Grouped primary,APC -> TCR -> canonical NF-kappaB -> IFNG,Reverse,IFNG_response -> Canonical_NFkB -> TCR -> APC,0.0222726190035373,-0.00304809701726763,0.0729402717394309,0.938,0.062,FALSE,5000,5000
Melanoma: Degradation-High,Grouped primary,APC -> TCR -> noncanonical NF-kappaB -> IFNG,Forward,APC -> TCR -> Noncanonical_NFkB -> IFNG_response,0.0249940051651684,0.00768443101404617,0.0498834279213535,0.9994,6e-04,TRUE,5000,5000
Melanoma: Degradation-High,Grouped primary,APC -> TCR -> noncanonical NF-kappaB -> IFNG,Reverse,IFNG_response -> Noncanonical_NFkB -> TCR -> APC,-0.0542794734616699,-0.156279414984221,0.0113398320187022,0.071,0.929,FALSE,5000,5000
Melanoma: Degradation-High,Grouped primary,APC -> broad CD28-family regulation -> canonical NF-kappaB -> IFNG,Forward,APC -> CD28_family -> Canonical_NFkB -> IFNG_response,0.00517827617936219,-0.00139267195932293,0.0152585440420324,0.9352,0.0648,FALSE,5000,5000
Melanoma: Degradation-High,Grouped primary,APC -> broad CD28-family regulation -> canonical NF-kappaB -> IFNG,Reverse,IFNG_response -> Canonical_NFkB -> CD28_family -> APC,0.00120365402496645,-0.00771515219689051,0.0153517980211807,0.6304,0.3696,FALSE,5000,5000
Melanoma: Degradation-High,Grouped primary,APC -> broad CD28-family regulation -> noncanonical NF-kappaB -> IFNG,Forward,APC -> CD28_family -> Noncanonical_NFkB -> IFNG_response,0.00346762390510038,-0.00913552390109428,0.0180959277721743,0.7338,0.2662,FALSE,5000,5000
Melanoma: Degradation-High,Grouped primary,APC -> broad CD28-family regulation -> noncanonical NF-kappaB -> IFNG,Reverse,IFNG_response -> Noncanonical_NFkB -> CD28_family -> APC,-0.00199080958783347,-0.0246822029556073,0.0182843685224985,0.3838,0.6162,FALSE,5000,5000
Melanoma: Degradation-High,Continuous sensitivity,APC -> TCR -> canonical NF-kappaB -> IFNG,Forward,APC -> TCR -> Canonical_NFkB -> IFNG_response,0.000714343363326007,-0.00618262730206275,0.0119099171986407,0.5926,0.4074,FALSE,5000,5000
Melanoma: Degradation-High,Continuous sensitivity,APC -> TCR -> canonical NF-kappaB -> IFNG,Reverse,IFNG_response -> Canonical_NFkB -> TCR -> APC,0.0213943266195149,-0.00336605609313646,0.0731530699310181,0.9346,0.0654,FALSE,5000,5000
Melanoma: Degradation-High,Continuous sensitivity,APC -> TCR -> noncanonical NF-kappaB -> IFNG,Forward,APC -> TCR -> Noncanonical_NFkB -> IFNG_response,0.019023808883559,0.00386050332233601,0.0447403220365136,0.9966,0.0034,TRUE,5000,5000
Melanoma: Degradation-High,Continuous sensitivity,APC -> TCR -> noncanonical NF-kappaB -> IFNG,Reverse,IFNG_response -> Noncanonical_NFkB -> TCR -> APC,-0.0566638209464727,-0.147526824129262,0.0094587603456008,0.06,0.94,FALSE,5000,5000
Melanoma: Degradation-High,Continuous sensitivity,APC -> broad CD28-family regulation -> canonical NF-kappaB -> IFNG,Forward,APC -> CD28_family -> Canonical_NFkB -> IFNG_response,0.00459428009440545,-0.00020782810826221,0.0148348127159475,0.9638,0.0362,FALSE,5000,5000
Melanoma: Degradation-High,Continuous sensitivity,APC -> broad CD28-family regulation -> canonical NF-kappaB -> IFNG,Reverse,IFNG_response -> Canonical_NFkB -> CD28_family -> APC,-3.09349205733534e-05,-0.0115535113236033,0.0127042083126242,0.5492,0.4508,FALSE,5000,5000
Melanoma: Degradation-High,Continuous sensitivity,APC -> broad CD28-family regulation -> noncanonical NF-kappaB -> IFNG,Forward,APC -> CD28_family -> Noncanonical_NFkB -> IFNG_response,0.00460015738785302,-0.00514785966835395,0.0195756338788926,0.819,0.181,FALSE,5000,5000
Melanoma: Degradation-High,Continuous sensitivity,APC -> broad CD28-family regulation -> noncanonical NF-kappaB -> IFNG,Reverse,IFNG_response -> Noncanonical_NFkB -> CD28_family -> APC,-3.30053435616357e-06,-0.0136329007825991,0.0199146684841412,0.51,0.49,FALSE,5000,5000
Melanoma: Degradation-High,Grouped + named T-cell/APC context,APC -> TCR -> canonical NF-kappaB -> IFNG,Forward,APC -> TCR -> Canonical_NFkB -> IFNG_response,0.000126672844020441,-0.00130045286010619,0.00156197820256505,0.5816,0.4184,FALSE,5000,5000
Melanoma: Degradation-High,Grouped + named T-cell/APC context,APC -> TCR -> canonical NF-kappaB -> IFNG,Reverse,IFNG_response -> Canonical_NFkB -> TCR -> APC,0.000115313739172059,-0.00329285552391094,0.00592819482848818,0.5896,0.4104,FALSE,5000,5000
Melanoma: Degradation-High,Grouped + named T-cell/APC context,APC -> TCR -> noncanonical NF-kappaB -> IFNG,Forward,APC -> TCR -> Noncanonical_NFkB -> IFNG_response,0.000306576101041813,-0.00210346839855969,0.00231884949382695,0.621,0.379,FALSE,5000,5000
Melanoma: Degradation-High,Grouped + named T-cell/APC context,APC -> TCR -> noncanonical NF-kappaB -> IFNG,Reverse,IFNG_response -> Noncanonical_NFkB -> TCR -> APC,-0.00083840831608827,-0.0116398475807599,0.00437043270258105,0.4412,0.5588,FALSE,5000,5000
Melanoma: Degradation-High,Grouped + named T-cell/APC context,APC -> broad CD28-family regulation -> canonical NF-kappaB -> IFNG,Forward,APC -> CD28_family -> Canonical_NFkB -> IFNG_response,0.000542310181691663,-0.00310366802827463,0.00528454468200597,0.643,0.357,FALSE,5000,5000
Melanoma: Degradation-High,Grouped + named T-cell/APC context,APC -> broad CD28-family regulation -> canonical NF-kappaB -> IFNG,Reverse,IFNG_response -> Canonical_NFkB -> CD28_family -> APC,0.000811776519069994,-0.002869431798124,0.00727350828639982,0.6608,0.3392,FALSE,5000,5000
Melanoma: Degradation-High,Grouped + named T-cell/APC context,APC -> broad CD28-family regulation -> noncanonical NF-kappaB -> IFNG,Forward,APC -> CD28_family -> Noncanonical_NFkB -> IFNG_response,-6.09403658701181e-05,-0.00196159533278682,0.00169567416323253,0.46,0.54,FALSE,5000,5000
Melanoma: Degradation-High,Grouped + named T-cell/APC context,APC -> broad CD28-family regulation -> noncanonical NF-kappaB -> IFNG,Reverse,IFNG_response -> Noncanonical_NFkB -> CD28_family -> APC,-0.000865859861288198,-0.00721396729576833,0.00263543617021101,0.3338,0.6662,FALSE,5000,5000
ccRCC: Sarcosine-Low,Grouped primary,APC -> TCR -> canonical NF-kappaB -> IFNG,Forward,APC -> TCR -> Canonical_NFkB -> IFNG_response,0.000203313207193512,-0.00644675933781954,0.0122999198975279,0.5842,0.4158,FALSE,5000,5000
ccRCC: Sarcosine-Low,Grouped primary,APC -> TCR -> canonical NF-kappaB -> IFNG,Reverse,IFNG_response -> Canonical_NFkB -> TCR -> APC,0.0012207749531735,-0.00410138011347286,0.00656372107420842,0.665,0.335,FALSE,5000,5000
ccRCC: Sarcosine-Low,Grouped primary,APC -> TCR -> noncanonical NF-kappaB -> IFNG,Forward,APC -> TCR -> Noncanonical_NFkB -> IFNG_response,-0.000974990428272163,-0.0384915189914311,0.025959761515398,0.418,0.582,FALSE,5000,5000
ccRCC: Sarcosine-Low,Grouped primary,APC -> TCR -> noncanonical NF-kappaB -> IFNG,Reverse,IFNG_response -> Noncanonical_NFkB -> TCR -> APC,0.00624087451430552,-0.0206515434723288,0.027131611841985,0.6662,0.3338,FALSE,5000,5000
ccRCC: Sarcosine-Low,Grouped primary,APC -> broad CD28-family regulation -> canonical NF-kappaB -> IFNG,Forward,APC -> CD28_family -> Canonical_NFkB -> IFNG_response,0.000156050125385656,-0.00558877646113324,0.0102856262163742,0.5974,0.4026,FALSE,5000,5000
ccRCC: Sarcosine-Low,Grouped primary,APC -> broad CD28-family regulation -> canonical NF-kappaB -> IFNG,Reverse,IFNG_response -> Canonical_NFkB -> CD28_family -> APC,0.0019214738031271,-0.00625056655864534,0.0112937967444681,0.6774,0.3226,FALSE,5000,5000
ccRCC: Sarcosine-Low,Grouped primary,APC -> broad CD28-family regulation -> noncanonical NF-kappaB -> IFNG,Forward,APC -> CD28_family -> Noncanonical_NFkB -> IFNG_response,-0.000306756373674882,-0.0149180413629895,0.0102338133838879,0.4068,0.5932,FALSE,5000,5000
ccRCC: Sarcosine-Low,Grouped primary,APC -> broad CD28-family regulation -> noncanonical NF-kappaB -> IFNG,Reverse,IFNG_response -> Noncanonical_NFkB -> CD28_family -> APC,0.00569921679549481,-0.0188816170610155,0.0302677382324767,0.6558,0.3442,FALSE,5000,5000
ccRCC: Sarcosine-Low,Continuous sensitivity,APC -> TCR -> canonical NF-kappaB -> IFNG,Forward,APC -> TCR -> Canonical_NFkB -> IFNG_response,0.000553378130803071,-0.0113182967355938,0.0172149627581702,0.576,0.424,FALSE,5000,5000
ccRCC: Sarcosine-Low,Continuous sensitivity,APC -> TCR -> canonical NF-kappaB -> IFNG,Reverse,IFNG_response -> Canonical_NFkB -> TCR -> APC,-0.000774829230345273,-0.00799486830870113,0.00754937103107705,0.328,0.672,FALSE,5000,5000
ccRCC: Sarcosine-Low,Continuous sensitivity,APC -> TCR -> noncanonical NF-kappaB -> IFNG,Forward,APC -> TCR -> Noncanonical_NFkB -> IFNG_response,-0.00257115645919703,-0.06249518374896,0.0544587615159093,0.4318,0.5682,FALSE,5000,5000
ccRCC: Sarcosine-Low,Continuous sensitivity,APC -> TCR -> noncanonical NF-kappaB -> IFNG,Reverse,IFNG_response -> Noncanonical_NFkB -> TCR -> APC,-0.00367313574599123,-0.0326352466014697,0.0349398447743535,0.3268,0.6732,FALSE,5000,5000
ccRCC: Sarcosine-Low,Continuous sensitivity,APC -> broad CD28-family regulation -> canonical NF-kappaB -> IFNG,Forward,APC -> CD28_family -> Canonical_NFkB -> IFNG_response,0.000495315609495498,-0.00620594605284789,0.0139259410517099,0.6464,0.3536,FALSE,5000,5000
ccRCC: Sarcosine-Low,Continuous sensitivity,APC -> broad CD28-family regulation -> canonical NF-kappaB -> IFNG,Reverse,IFNG_response -> Canonical_NFkB -> CD28_family -> APC,-0.00153147670079213,-0.014308478440692,0.0113094722912134,0.3298,0.6702,FALSE,5000,5000
ccRCC: Sarcosine-Low,Continuous sensitivity,APC -> broad CD28-family regulation -> noncanonical NF-kappaB -> IFNG,Forward,APC -> CD28_family -> Noncanonical_NFkB -> IFNG_response,-0.000647652608720585,-0.02347039178341,0.0177339322739632,0.4478,0.5522,FALSE,5000,5000
ccRCC: Sarcosine-Low,Continuous sensitivity,APC -> broad CD28-family regulation -> noncanonical NF-kappaB -> IFNG,Reverse,IFNG_response -> Noncanonical_NFkB -> CD28_family -> APC,-0.00366140671271157,-0.0339075856983892,0.0341420678895558,0.3286,0.6714,FALSE,5000,5000
ccRCC: Sarcosine-Low,Grouped + named T-cell/APC context,APC -> TCR -> canonical NF-kappaB -> IFNG,Forward,APC -> TCR -> Canonical_NFkB -> IFNG_response,0.00016555944903767,-0.00302868665026794,0.00405771330086429,0.5302,0.4698,FALSE,5000,5000
ccRCC: Sarcosine-Low,Grouped + named T-cell/APC context,APC -> TCR -> canonical NF-kappaB -> IFNG,Reverse,IFNG_response -> Canonical_NFkB -> TCR -> APC,0.000354088830764667,-0.00205827145648237,0.00274294787892051,0.6234,0.3766,FALSE,5000,5000
ccRCC: Sarcosine-Low,Grouped + named T-cell/APC context,APC -> TCR -> noncanonical NF-kappaB -> IFNG,Forward,APC -> TCR -> Noncanonical_NFkB -> IFNG_response,-0.00394492446678555,-0.0171760895964512,0.00317748702095007,0.1702,0.8298,FALSE,5000,5000
ccRCC: Sarcosine-Low,Grouped + named T-cell/APC context,APC -> TCR -> noncanonical NF-kappaB -> IFNG,Reverse,IFNG_response -> Noncanonical_NFkB -> TCR -> APC,0.00120052369855761,-0.00598251338659889,0.007422134725946,0.6518,0.3482,FALSE,5000,5000
ccRCC: Sarcosine-Low,Grouped + named T-cell/APC context,APC -> broad CD28-family regulation -> canonical NF-kappaB -> IFNG,Forward,APC -> CD28_family -> Canonical_NFkB -> IFNG_response,-0.000662324612109624,-0.00713614033611771,0.00234829062554144,0.3518,0.6482,FALSE,5000,5000
ccRCC: Sarcosine-Low,Grouped + named T-cell/APC context,APC -> broad CD28-family regulation -> canonical NF-kappaB -> IFNG,Reverse,IFNG_response -> Canonical_NFkB -> CD28_family -> APC,0.0010089348535733,-0.00531202962309632,0.00771365494501445,0.6624,0.3376,FALSE,5000,5000
ccRCC: Sarcosine-Low,Grouped + named T-cell/APC context,APC -> broad CD28-family regulation -> noncanonical NF-kappaB -> IFNG,Forward,APC -> CD28_family -> Noncanonical_NFkB -> IFNG_response,-0.00307986583060621,-0.0176154075379308,0.00265725163131533,0.215,0.785,FALSE,5000,5000
ccRCC: Sarcosine-Low,Grouped + named T-cell/APC context,APC -> broad CD28-family regulation -> noncanonical NF-kappaB -> IFNG,Reverse,IFNG_response -> Noncanonical_NFkB -> CD28_family -> APC,0.00223430985763262,-0.00853142543750496,0.0152916845809193,0.6642,0.3358,FALSE,5000,5000
