cohort,model,route,edge,outcome,predictor,standardized_beta,standard_error,CI_low,CI_high,t_value,p_value,residual_df,partial_R2,BH_q,analysis
Melanoma: Degradation-High,Grouped primary,,,SPI1_activity,target_group_z,0.405313776935367,0.110179796862066,0.185393981953873,0.625233571916861,3.67865787085067,0.000468847373723579,67,0.168037993891911,0.0023442368686179,Exposure effect
Melanoma: Degradation-High,Grouped primary,,,NFKB1_activity,target_group_z,-0.187052547900479,0.122572123494445,-0.431707530366011,0.057602434565054,-1.5260610860589,0.131701728103719,67,0.0335915282102468,0.131701728103719,Exposure effect
Melanoma: Degradation-High,Grouped primary,,,RELA_activity,target_group_z,-0.209935020549525,0.121256816287581,-0.451964638842048,0.0320945977429978,-1.73132552030418,0.0879963986488169,67,0.0428227946523546,0.109995498311021,Exposure effect
Melanoma: Degradation-High,Grouped primary,,,NFKB1_RELA_activity,target_group_z,-0.221716526400407,0.121331383869882,-0.463894982210142,0.0204619294093281,-1.82736336905363,0.0720987915810271,67,0.0474735877311637,0.109995498311021,Exposure effect
Melanoma: Degradation-High,Grouped primary,,,NFKB2_activity,target_group_z,-0.31633171942217,0.115855078282432,-0.547579423530159,-0.0850840153141803,-2.73040874955014,0.00807537121674165,67,0.100129188484493,0.0201884280418541,Exposure effect
Melanoma: Degradation-High,Continuous sensitivity,,,SPI1_activity,target_continuous_z,0.430979807955521,0.112323111286666,0.206781939477222,0.65517767643382,3.83696465507969,0.00027828186532843,67,0.180150315973575,0.00139140932664215,Exposure effect
Melanoma: Degradation-High,Continuous sensitivity,,,NFKB1_activity,target_continuous_z,-0.29436443171162,0.122891295862511,-0.539656484890185,-0.0490723785330545,-2.39532368542156,0.0194072644672031,67,0.0788804894022218,0.0242590805840039,Exposure effect
Melanoma: Degradation-High,Continuous sensitivity,,,RELA_activity,target_continuous_z,-0.346508767265223,0.120034385927844,-0.586098404347496,-0.10691913018295,-2.88674586525164,0.00523456256846373,67,0.110619095453679,0.00872427094743954,Exposure effect
Melanoma: Degradation-High,Continuous sensitivity,,,NFKB1_RELA_activity,target_continuous_z,-0.357926017923046,0.119947243588818,-0.597341718168634,-0.118510317677458,-2.98402870473643,0.00396688301184647,67,0.117311040029899,0.00872427094743954,Exposure effect
Melanoma: Degradation-High,Continuous sensitivity,,,NFKB2_activity,target_continuous_z,-0.200697369543395,0.123002902485443,-0.446212190473699,0.0448174513869083,-1.63164742854053,0.10744572723007,67,0.0382168597687122,0.10744572723007,Exposure effect
Melanoma: Degradation-High,Grouped + named T-cell/APC context,,,SPI1_activity,target_group_z,0.079206699493511,0.107599847298652,-0.135685034483817,0.294098433470839,0.736122787178932,0.464304308299232,65,0.00826764176751404,0.982082424505636,Exposure effect
Melanoma: Degradation-High,Grouped + named T-cell/APC context,,,NFKB1_activity,target_group_z,0.00311059928916405,0.137973993618287,-0.272442493738154,0.278663692316482,0.0225448231771104,0.982082424505636,65,7.81946273378867e-06,0.982082424505636,Exposure effect
Melanoma: Degradation-High,Grouped + named T-cell/APC context,,,RELA_activity,target_group_z,-0.0313144533856957,0.132913993346795,-0.296762028054342,0.234133121282951,-0.235599372174389,0.814484295169523,65,0.000853226216716986,0.982082424505636,Exposure effect
Melanoma: Degradation-High,Grouped + named T-cell/APC context,,,NFKB1_RELA_activity,target_group_z,-0.0157517792957651,0.131839231018192,-0.279052905375447,0.247549346783916,-0.119477178182203,0.90526582817988,65,0.000219564028840582,0.982082424505636,Exposure effect
Melanoma: Degradation-High,Grouped + named T-cell/APC context,,,NFKB2_activity,target_group_z,-0.164878150429156,0.131493074502469,-0.427487954209051,0.0977316533507396,-1.25389227571875,0.214372102096516,65,0.0236171368306691,0.982082424505636,Exposure effect
ccRCC: Sarcosine-Low,Grouped primary,,,SPI1_activity,target_group_z,-0.0463266885084204,0.118603377406675,-0.282224035963232,0.189570658946391,-0.390601764649353,0.697092365980323,83,0.00183481687970566,0.897386198979742,Exposure effect
ccRCC: Sarcosine-Low,Grouped primary,,,NFKB1_activity,target_group_z,-0.0151564796193749,0.117165612766412,-0.248194171031347,0.217881211792597,-0.129359453354216,0.897386198979742,83,0.000201572229987685,0.897386198979742,Exposure effect
ccRCC: Sarcosine-Low,Grouped primary,,,RELA_activity,target_group_z,-0.04181973474339,0.116720917827535,-0.273972945807488,0.190333476320708,-0.358288261622326,0.721037256843737,83,0.00154424389263927,0.897386198979742,Exposure effect
ccRCC: Sarcosine-Low,Grouped primary,,,NFKB1_RELA_activity,target_group_z,-0.0345421542077143,0.11491237466636,-0.263098245663523,0.194013937248094,-0.300595599977854,0.764474547676557,83,0.00108746330153339,0.897386198979742,Exposure effect
ccRCC: Sarcosine-Low,Grouped primary,,,NFKB2_activity,target_group_z,-0.147978139900459,0.116914860765902,-0.380517095668618,0.0845608158676998,-1.26569145214785,0.209164927129008,83,0.0189354309381291,0.897386198979742,Exposure effect
ccRCC: Sarcosine-Low,Continuous sensitivity,,,SPI1_activity,target_continuous_z,-0.0204754285320833,0.109972801022291,-0.239206906678627,0.19825604961446,-0.186186296445545,0.852752968745073,83,0.000417480299865414,0.947272397210084,Exposure effect
ccRCC: Sarcosine-Low,Continuous sensitivity,,,NFKB1_activity,target_continuous_z,0.0927258496489825,0.10809544565619,-0.12227164418129,0.307723343479255,0.857814583085282,0.393465151755542,83,0.00878770437445928,0.947272397210084,Exposure effect
ccRCC: Sarcosine-Low,Continuous sensitivity,,,RELA_activity,target_continuous_z,0.00717928434387728,0.108231301961833,-0.208088422214202,0.222446990901956,0.0663327911033447,0.947272397210084,83,5.30097100091474e-05,0.947272397210084,Exposure effect
ccRCC: Sarcosine-Low,Continuous sensitivity,,,NFKB1_RELA_activity,target_continuous_z,0.0605680560409255,0.106325116340403,-0.15090832398258,0.272044436064431,0.569649562827801,0.57045399880722,83,0.00389442027252624,0.947272397210084,Exposure effect
ccRCC: Sarcosine-Low,Continuous sensitivity,,,NFKB2_activity,target_continuous_z,-0.1790427566002,0.107590574585079,-0.393036082175858,0.0349505689754589,-1.6641119102735,0.099861271726344,83,0.0322874206573332,0.49930635863172,Exposure effect
ccRCC: Sarcosine-Low,Grouped + named T-cell/APC context,,,SPI1_activity,target_group_z,-0.057752439749685,0.0892092094873306,-0.235250783793028,0.119745904293658,-0.647382036917241,0.519215319123895,81,0.00514748362114116,0.981289201387463,Exposure effect
ccRCC: Sarcosine-Low,Grouped + named T-cell/APC context,,,NFKB1_activity,target_group_z,-0.0026678547461463,0.113404159586178,-0.22830656009789,0.222970850605597,-0.02352519304302,0.981289201387463,81,6.83248057258603e-06,0.981289201387463,Exposure effect
ccRCC: Sarcosine-Low,Grouped + named T-cell/APC context,,,RELA_activity,target_group_z,-0.0490488806128044,0.118221041676544,-0.284271670381453,0.186173909155844,-0.414891291069853,0.67931833296427,81,0.00212061422143107,0.981289201387463,Exposure effect
ccRCC: Sarcosine-Low,Grouped + named T-cell/APC context,,,NFKB1_RELA_activity,target_group_z,-0.0313535651300814,0.11577836301043,-0.261716190564163,0.199009060304,-0.270806775245706,0.78722853404474,81,0.000904567553985906,0.981289201387463,Exposure effect
ccRCC: Sarcosine-Low,Grouped + named T-cell/APC context,,,NFKB2_activity,target_group_z,-0.162387610225872,0.1173380812813,-0.395853585771949,0.0710783653202048,-1.383929313081,0.170181724493842,81,0.0230990089842077,0.850908622469211,Exposure effect
Melanoma: Degradation-High,Grouped primary,,,NFKB2_expression,target_group_z,0.484377029042378,0.0895702909481537,0.305593980037386,0.663160078047369,5.40778671047023,9.18339445603033e-07,67,0.303853844070229,9.18339445603033e-07,Focal transcript exposure effect
Melanoma: Degradation-High,Grouped primary,,,RELB_expression,target_group_z,0.507863978213497,0.090926935123368,0.326373056101339,0.689354900325656,5.58540742107316,4.59093028854615e-07,67,0.317696540673745,9.1818605770923e-07,Focal transcript exposure effect
Melanoma: Degradation-High,Continuous sensitivity,,,NFKB2_expression,target_continuous_z,0.574561832582497,0.0850126401392134,0.404875892666881,0.744247772498114,6.75854592495442,4.08744141733961e-09,67,0.405384956412673,4.08744141733961e-09,Focal transcript exposure effect
Melanoma: Degradation-High,Continuous sensitivity,,,RELB_expression,target_continuous_z,0.603581221528172,0.0856851905309897,0.432552865412067,0.774609577644277,7.04417201838251,1.26262511746538e-09,67,0.425486250165954,2.52525023493076e-09,Focal transcript exposure effect
Melanoma: Degradation-High,Grouped + named T-cell/APC context,,,NFKB2_expression,target_group_z,0.222227372924761,0.0854742054582881,0.0515235970143275,0.392931148835195,2.59993493631491,0.0115288518850008,65,0.0941986279682738,0.0115288518850008,Focal transcript exposure effect
Melanoma: Degradation-High,Grouped + named T-cell/APC context,,,RELB_expression,target_group_z,0.276633116666273,0.09460000001181,0.0877038705088032,0.465562362823743,2.92424013352788,0.00474879679355858,65,0.116261633285167,0.00949759358711715,Focal transcript exposure effect
ccRCC: Sarcosine-Low,Grouped primary,,,NFKB2_expression,target_group_z,0.131847708143874,0.10962776285541,-0.0861975029661175,0.349892919253866,1.20268538470287,0.232517773900491,83,0.0171286311978241,0.232517773900491,Focal transcript exposure effect
ccRCC: Sarcosine-Low,Grouped primary,,,RELB_expression,target_group_z,0.207454000560841,0.112352646697189,-0.0160108949160979,0.43091889603778,1.84645405924408,0.0683906543985959,83,0.0394562731040321,0.136781308797192,Focal transcript exposure effect
ccRCC: Sarcosine-Low,Continuous sensitivity,,,NFKB2_expression,target_continuous_z,0.0417883931713706,0.102356797987521,-0.161795161253322,0.245371947596063,0.408262020627741,0.684132648918011,83,0.0020041425453182,0.940362171026272,Focal transcript exposure effect
ccRCC: Sarcosine-Low,Continuous sensitivity,,,RELB_expression,target_continuous_z,0.00797062385904691,0.106216042980749,-0.203288813639019,0.219230061357113,0.0750416192824238,0.940362171026272,83,6.78417179664894e-05,0.940362171026272,Focal transcript exposure effect
ccRCC: Sarcosine-Low,Grouped + named T-cell/APC context,,,NFKB2_expression,target_group_z,0.118768673987728,0.0975732709755851,-0.075371528807348,0.312908876782804,1.21722550448725,0.227052902859957,81,0.017963245711169,0.227052902859957,Focal transcript exposure effect
ccRCC: Sarcosine-Low,Grouped + named T-cell/APC context,,,RELB_expression,target_group_z,0.175145277968148,0.102614354894211,-0.0290251005552155,0.379315656491512,1.70683018130078,0.0916846966322882,81,0.0347176232462342,0.183369393264576,Focal transcript exposure effect
Melanoma: Degradation-High,Grouped primary,,SPI1 activity -> APC cross-presentation,APC,SPI1_activity,0.620481143986153,0.0912870978137489,0.438220572581802,0.802741715390503,6.797030016795,3.71307093360492e-09,66,0.411762698164544,1.11392128008148e-08,Program link
Melanoma: Degradation-High,Grouped primary,,NFKB1/RELA activity -> canonical NF-kappaB program,Canonical_NFkB,NFKB1_RELA_activity,-0.326149168113725,0.101837529994913,-0.529474357015556,-0.122823979211893,-3.20264217062234,0.00209676040600093,66,0.134504741256772,0.00314514060900139,Program link
Melanoma: Degradation-High,Grouped primary,,NFKB2 activity -> noncanonical NF-kappaB program,Noncanonical_NFkB,NFKB2_activity,-0.00313303818973234,0.106652632414112,-0.216071889255348,0.209805812875884,-0.0293760980747981,0.976653285430448,66,1.30749068945768e-05,0.976653285430448,Program link
ccRCC: Sarcosine-Low,Grouped primary,,SPI1 activity -> APC cross-presentation,APC,SPI1_activity,0.566881380169985,0.0868588452932396,0.394091467376689,0.739671292963281,6.52646691601951,5.22643680596672e-09,82,0.341866438431842,1.56793104179002e-08,Program link
ccRCC: Sarcosine-Low,Grouped primary,,NFKB1/RELA activity -> canonical NF-kappaB program,Canonical_NFkB,NFKB1_RELA_activity,-0.0910446095601815,0.111898142343948,-0.313645660634107,0.131556441513744,-0.813638257553306,0.418208573085988,82,0.00800860318379764,0.627312859628982,Program link
ccRCC: Sarcosine-Low,Grouped primary,,NFKB2 activity -> noncanonical NF-kappaB program,Noncanonical_NFkB,NFKB2_activity,0.0375664331626533,0.112790542275018,-0.186809885654537,0.261942751979843,0.333063680738894,0.739936294782925,82,0.00135099448410955,0.739936294782925,Program link
