score_1,score_2,Pearson_r,cohort
APC,APC,1,Melanoma: Degradation-High
TCR,APC,0.548904575751459,Melanoma: Degradation-High
CD28_family,APC,0.261841403255108,Melanoma: Degradation-High
Canonical_NFkB,APC,0.641545705606955,Melanoma: Degradation-High
Noncanonical_NFkB,APC,0.636912048091673,Melanoma: Degradation-High
IFNG_response,APC,0.817851965836472,Melanoma: Degradation-High
APC,TCR,0.548904575751459,Melanoma: Degradation-High
TCR,TCR,1,Melanoma: Degradation-High
CD28_family,TCR,0.208297710933738,Melanoma: Degradation-High
Canonical_NFkB,TCR,0.479418174996013,Melanoma: Degradation-High
Noncanonical_NFkB,TCR,0.826383139155865,Melanoma: Degradation-High
IFNG_response,TCR,0.792985723480309,Melanoma: Degradation-High
APC,CD28_family,0.261841403255108,Melanoma: Degradation-High
TCR,CD28_family,0.208297710933738,Melanoma: Degradation-High
CD28_family,CD28_family,1,Melanoma: Degradation-High
Canonical_NFkB,CD28_family,0.226415283919199,Melanoma: Degradation-High
Noncanonical_NFkB,CD28_family,0.143430757724228,Melanoma: Degradation-High
IFNG_response,CD28_family,0.289306041649036,Melanoma: Degradation-High
APC,Canonical_NFkB,0.641545705606955,Melanoma: Degradation-High
TCR,Canonical_NFkB,0.479418174996013,Melanoma: Degradation-High
CD28_family,Canonical_NFkB,0.226415283919199,Melanoma: Degradation-High
Canonical_NFkB,Canonical_NFkB,1,Melanoma: Degradation-High
Noncanonical_NFkB,Canonical_NFkB,0.633145493989024,Melanoma: Degradation-High
IFNG_response,Canonical_NFkB,0.734255683381179,Melanoma: Degradation-High
APC,Noncanonical_NFkB,0.636912048091673,Melanoma: Degradation-High
TCR,Noncanonical_NFkB,0.826383139155865,Melanoma: Degradation-High
CD28_family,Noncanonical_NFkB,0.143430757724228,Melanoma: Degradation-High
Canonical_NFkB,Noncanonical_NFkB,0.633145493989024,Melanoma: Degradation-High
Noncanonical_NFkB,Noncanonical_NFkB,1,Melanoma: Degradation-High
IFNG_response,Noncanonical_NFkB,0.82920581959725,Melanoma: Degradation-High
APC,IFNG_response,0.817851965836472,Melanoma: Degradation-High
TCR,IFNG_response,0.792985723480309,Melanoma: Degradation-High
CD28_family,IFNG_response,0.289306041649036,Melanoma: Degradation-High
Canonical_NFkB,IFNG_response,0.734255683381179,Melanoma: Degradation-High
Noncanonical_NFkB,IFNG_response,0.82920581959725,Melanoma: Degradation-High
IFNG_response,IFNG_response,1,Melanoma: Degradation-High
APC,APC,1,ccRCC: Sarcosine-Low
TCR,APC,0.803828313674619,ccRCC: Sarcosine-Low
CD28_family,APC,0.699666806865033,ccRCC: Sarcosine-Low
Canonical_NFkB,APC,0.602859994683377,ccRCC: Sarcosine-Low
Noncanonical_NFkB,APC,0.777002085028214,ccRCC: Sarcosine-Low
IFNG_response,APC,0.836974403822053,ccRCC: Sarcosine-Low
APC,TCR,0.803828313674619,ccRCC: Sarcosine-Low
TCR,TCR,1,ccRCC: Sarcosine-Low
CD28_family,TCR,0.689397976113834,ccRCC: Sarcosine-Low
Canonical_NFkB,TCR,0.548817550210131,ccRCC: Sarcosine-Low
Noncanonical_NFkB,TCR,0.802943834662229,ccRCC: Sarcosine-Low
IFNG_response,TCR,0.828270474436685,ccRCC: Sarcosine-Low
APC,CD28_family,0.699666806865033,ccRCC: Sarcosine-Low
TCR,CD28_family,0.689397976113834,ccRCC: Sarcosine-Low
CD28_family,CD28_family,1,ccRCC: Sarcosine-Low
Canonical_NFkB,CD28_family,0.536423594219791,ccRCC: Sarcosine-Low
Noncanonical_NFkB,CD28_family,0.619735951895646,ccRCC: Sarcosine-Low
IFNG_response,CD28_family,0.583700891934415,ccRCC: Sarcosine-Low
APC,Canonical_NFkB,0.602859994683377,ccRCC: Sarcosine-Low
TCR,Canonical_NFkB,0.548817550210131,ccRCC: Sarcosine-Low
CD28_family,Canonical_NFkB,0.536423594219791,ccRCC: Sarcosine-Low
Canonical_NFkB,Canonical_NFkB,1,ccRCC: Sarcosine-Low
Noncanonical_NFkB,Canonical_NFkB,0.600943563735916,ccRCC: Sarcosine-Low
IFNG_response,Canonical_NFkB,0.439437343716576,ccRCC: Sarcosine-Low
APC,Noncanonical_NFkB,0.777002085028214,ccRCC: Sarcosine-Low
TCR,Noncanonical_NFkB,0.802943834662229,ccRCC: Sarcosine-Low
CD28_family,Noncanonical_NFkB,0.619735951895646,ccRCC: Sarcosine-Low
Canonical_NFkB,Noncanonical_NFkB,0.600943563735916,ccRCC: Sarcosine-Low
Noncanonical_NFkB,Noncanonical_NFkB,1,ccRCC: Sarcosine-Low
IFNG_response,Noncanonical_NFkB,0.813712967296691,ccRCC: Sarcosine-Low
APC,IFNG_response,0.836974403822053,ccRCC: Sarcosine-Low
TCR,IFNG_response,0.828270474436685,ccRCC: Sarcosine-Low
CD28_family,IFNG_response,0.583700891934415,ccRCC: Sarcosine-Low
Canonical_NFkB,IFNG_response,0.439437343716576,ccRCC: Sarcosine-Low
Noncanonical_NFkB,IFNG_response,0.813712967296691,ccRCC: Sarcosine-Low
IFNG_response,IFNG_response,1,ccRCC: Sarcosine-Low
