pathway,collection,tiger_NES,tiger_pval,tiger_q,tiger_size,tiger_leading_edge,tiger_model,tiger_direction,description,MSigDB_version,ccrcc_NES_high_minus_low,ccrcc_pval,ccrcc_q,ccrcc_size,ccrcc_leading_edge,ccrcc_model,ccrcc_direction,tiger_harmonized_NES,ccrcc_harmonized_NES,target_direction_aligned,opposite_direction_aligned,both_BH_q_lt_0_05,strict_target_common,max_q,min_abs_harmonized_NES,shared_leading_edge_genes,shared_leading_edge_n,leading_edge_union_n,leading_edge_jaccard
HALLMARK_TNFA_SIGNALING_VIA_NFKB,Hallmark,2.31174097977251,8.81170951442577e-14,4.22545026392333e-13,183,TNIP1;RELB;IL18;NFKB2;CCL5;CSF1;CFLAR;PTPRE;BIRC3;IL15RA;TNFAIP8;PLEK;IRF1;NFKBIA;CD80;IFIH1;TNFRSF9;TNFAIP2;ID2;GPR183;CD69;EGR2;IFIT2;ZC3H12A;TRAF1;PFKFB3;GCH1;REL;PTGER4;ABCA1;TNFAIP3;TAP1;IL7R;NFKB1;CCL4;ZFP36;CXCL11;FOSL2;CXCL10;TLR2;MAP3K8;TANK;BCL6;CCRL2;CCL2;TNF;AREG;EHD1;SMAD3;KLF2;JUNB;CD83;DUSP2;OLR1;JUN;DRAM1;SOD2;IL1B;SDC4;PTX3;CLCF1;PNRC1;PLAU;BTG1;BTG2;SAT1;PLAUR;TNIP2;G0S2;DUSP1;KLF6;MCL1;PDE4B;EGR3;STAT5A;CEBPD;MXD1;BCL3;KYNU;PER1;TIPARP;PMEPA1;EDN1;LITAF;IL6ST;LDLR;FOS;RIPK2;ATF3;ICAM1;CXCL2;GEM,Adjusted Degradation High vs Low,Higher in Degradation-High,Genes regulated by NF-kB in response to TNF [GeneID=7124].,2026.1.Hs,-2.18582069700479,6.66987429544879e-11,8.33734286931099e-10,193,SLC16A6;PFKFB3;PTPRE;CXCL11;FJX1;BTG3;SERPINB8;RELB;TNFSF9;TGIF1;PMEPA1;SLC2A3;TUBB2A;DUSP5;TAP1;CD80;IFIT2;IL15RA;TNFAIP3;PLAU;NAMPT;BHLHE40;BCL2A1;DENND5A;GADD45B;CXCL10;CLCF1;DRAM1;SMAD3;LIF;SPHK1;PHLDA1;NFKB2;DUSP4;IFNGR2;PLAUR;ZC3H12A;PLEK;PANX1;FOSL1;ATF3;ACKR3;NFIL3;CCL2;CDKN1A;MAFF;INHBA;PLK2;HES1;BIRC2;YRDC;VEGFA;IL6;LDLR;SERPINE1;B4GALT5;CCRL2;SLC2A6;KLF6;SAT1;FOSL2;ICAM1;RELA;NFKB1;TRIB1;HBEGF;TNIP2;FUT4;IRF1;NINJ1;ETS2;BMP2;PDE4B;BCL3;KYNU;IER3;MAP2K3;TRAF1;GEM;PPP1R15A;CD44;RIPK2;MAP3K8;GCH1;KLF10;SOCS3;TIPARP;MXD1;CCL4;EIF1;NFKBIA,Adjusted Sarcosine High vs Low,Sarcosine-Low,2.31174097977251,2.18582069700479,TRUE,FALSE,TRUE,TRUE,8.33734286931099e-10,2.18582069700479,ATF3;BCL3;CCL2;CCL4;CCRL2;CD80;CLCF1;CXCL10;CXCL11;DRAM1;FOSL2;GCH1;GEM;ICAM1;IFIT2;IL15RA;IRF1;KLF6;KYNU;LDLR;MAP3K8;MXD1;NFKB1;NFKB2;NFKBIA;PDE4B;PFKFB3;PLAU;PLAUR;PLEK;PMEPA1;PTPRE;RELB;RIPK2;SAT1;SMAD3;TAP1;TIPARP;TNFAIP3;TNIP2;TRAF1;ZC3H12A,42,141,0.2978723404255319
HALLMARK_INTERFERON_GAMMA_RESPONSE,Hallmark,3.221864683358,3.12651311816447e-50,1.56325655908224e-48,191,IL10RA;CIITA;DDX60;IRF8;NLRC5;CD74;PTPN6;TRIM21;TRIM14;SAMHD1;CCL5;CSF2RB;TRAFD1;IL2RB;IRF5;HLA-DMA;SP110;SAMD9L;PSMB10;EIF4E3;EPSTI1;IL15RA;HLA-DRB1;PIM1;RNF213;GZMA;HLA-B;DHX58;TNFSF10;IL4R;ST8SIA4;IRF1;PSMB9;OAS3;IRF2;OASL;IFI44L;NFKBIA;IFI44;CD86;VAMP5;B2M;IFIH1;CD38;SECTM1;PML;OAS2;TNFAIP2;PARP14;STAT4;PSME1;RSAD2;CD69;PARP12;XAF1;LCP2;CMKLR1;JAK2;APOL6;IFI35;IFIT2;GBP4;CD40;SOCS1;SLC25A28;LAP3;ITGB7;UBE2L6;GCH1;VAMP8;CMPK2;FGL2;IDO1;CASP8;TNFAIP3;IL7;IRF7;STAT1;HERC6;CXCL9;C1R;TAPBP;TAP1;MX2;NFKB1;VCAM1;CASP7;TXNIP;BANK1;IFIT3;CD274;HLA-A;MVP;PSMB8;ZNFX1;BATF2;NMI;HLA-DQA1;CXCL11;FCGR1A;IL18BP;C1S;MX1;CXCL10;ZBP1;SERPING1;NOD1;USP18;CCL2;FAS;IFIT1;STAT3;SELP;BST2;PSME2;RTP4;IFI27;CASP1;P2RY14;MYD88;OGFR;GPR18;SOD2;MT2A;IRF9;LYSMD2;PFKP;CCL7;RAPGEF6;ISG15;HELZ2;BTG1;CASP4;PLSCR1,Adjusted Degradation High vs Low,Higher in Degradation-High,Genes up-regulated in response to IFNG [GeneID=3458].,2026.1.Hs,-2.14104904831041,5.32556291440681e-10,5.325562914406811e-9,194,UPP1;IFIT3;CASP4;CASP7;CXCL11;HIF1A;CD274;PNP;PFKP;TOR1B;RIPK1;HLA-B;ISG20;PSMA3;HLA-DQA1;TAP1;IFIT2;IL15RA;TNFAIP3;PSMB2;NAMPT;IFNAR2;HLA-A;CMTR1;CXCL9;NUP93;CXCL10;ST8SIA4;IRF8;LAP3;IFI27;RNF213;SPPL2A;LCP2;STAT3;TRIM21;PNPT1;CCL2;SECTM1;CDKN1A;PSMB8;LY6E;PARP12;B2M;KLRK1;ZNFX1;TAPBP;BPGM;EPSTI1;TRIM14;IL18BP;STAT1;IL6;GBP4;PSMB9;LGALS3BP;HLA-DRB1;ICAM1;TRIM25;NLRC5;NFKB1;CD86;OASL;PTPN1;RTP4;IRF1;PIM1;PDE4B;APOL6;SAMD9L;ST3GAL5;CASP1;UBE2L6,Adjusted Sarcosine High vs Low,Sarcosine-Low,3.221864683358,2.14104904831041,TRUE,FALSE,TRUE,TRUE,5.325562914406811e-9,2.14104904831041,APOL6;B2M;CASP1;CASP4;CASP7;CCL2;CD274;CD86;CXCL10;CXCL11;CXCL9;EPSTI1;GBP4;HLA-A;HLA-B;HLA-DQA1;HLA-DRB1;IFI27;IFIT2;IFIT3;IL15RA;IL18BP;IRF1;IRF8;LAP3;LCP2;NFKB1;NLRC5;OASL;PARP12;PFKP;PIM1;PSMB8;PSMB9;RNF213;RTP4;SAMD9L;SECTM1;ST8SIA4;STAT1;STAT3;TAP1;TAPBP;TNFAIP3;TRIM14;TRIM21;UBE2L6;ZNFX1,48,159,0.3018867924528302
REACTOME_ANTIGEN_PROCESSING_CROSS_PRESENTATION,Reactome,2.10102440900307,2.64261243405906e-7,2.08151401142619e-6,90,BTK;PSMB10;CYBB;HLA-B;PSMB9;NCF1;B2M;NCF4;HLA-F;HLA-C;HLA-E;PSME1;TLR1;CYBA;VAMP8;TAPBP;CTSS;TAP1;NCF2;HLA-A;PSMB8;STX4;CD14;FCGR1A;TLR2;LY96;LNPEP;TLR4;PSME2;MYD88,Adjusted Degradation High vs Low,Higher in Degradation-High,Antigen processing-Cross presentation,2026.1.Hs,-2.13586727709292,3.54378394265903e-7,1.03248624059093e-5,96,PSMA4;PSMC1;HLA-C;PSMD7;PSMD13;PSMA5;CTSL;PSMA6;HLA-B;PSMB1;PSMA3;TAP1;PSMC6;PSMD12;PSMB2;MRC1;PSMD14;HLA-A;PSMD11;PDIA3;HLA-F;PSMD6;PSMB8;PSMC2;B2M;TAPBP;LY96;CALR;PSMB9;HMGB1;PSMD1;PSMB7;PSMC5;CHUK;PSMD3;CTSS;TAP2;PSMB5;PSMB6;PSMC3;HLA-E;SEC61G;ADRM1;SEC22B,Adjusted Sarcosine High vs Low,Sarcosine-Low,2.10102440900307,2.13586727709292,TRUE,FALSE,TRUE,TRUE,1.03248624059093e-5,2.10102440900307,B2M;CTSS;HLA-A;HLA-B;HLA-C;HLA-E;HLA-F;LY96;PSMB8;PSMB9;TAP1;TAPBP,12,62,0.1935483870967742
HALLMARK_ALLOGRAFT_REJECTION,Hallmark,3.08041062100076,3.55421005160453e-39,4.44276256450567e-38,171,SPI1;HCLS1;WAS;MAP4K1;HLA-DOA;IRF8;CD74;PTPN6;IL18;ITGAL;LCK;CD4;TRAT1;CCL5;CD8B;CCR5;CXCL13;NLRP3;CD3E;CSF1;CD8A;PTPRC;CD96;IL2RB;HLA-DMA;CD2;CRTAM;ITK;IL12RB1;CD3G;IL2RG;ITGB2;PSMB10;HLA-DRA;CD247;HLA-DMB;CD3D;LYN;PRKCB;GZMA;IL4R;ST8SIA4;ZAP70;CD1D;CD7;CD86;GPR65;B2M;NCF4;GBP2;TLR3;CD80;HLA-E;SIT1;STAT4;GCNT1;IL2RA;LCP2;LY86;JAK2;PRF1;ELF4;CD40;TLR1;LTB;SOCS1;FASLG;CD40LG;CD79A;SRGN;IL7;IRF7;STAT1;CXCL9;TAPBP;CTSS;TAP1;IFNG;CCL4;HDAC9;HLA-A;FGR;STAB1;CCL19;HLA-DQA1;HLA-DOB;CD47;CCND2;IL18RAP;TLR2;CCR2;CCR1;TGFB1;CD28;CCL2;NCR1;TNF;FAS;FCGR2B;C2;CAPG;IFNGR1;IL1B;CCND3;CFP;TLR6;MMP9;GZMB;IL16;CCL7,Adjusted Degradation High vs Low,Higher in Degradation-High,Genes up-regulated during transplant rejection.,2026.1.Hs,-1.83798339942941,1.68198285967664e-6,1.20141632834046e-5,178,ABI1;HIF1A;GALNT1;TGFB1;EIF3A;C2;HLA-DQA1;TAP1;CD80;GBP2;IL2RA;IGSF6;EREG;DEGS1;MAP3K7;IFNAR2;EIF3J;CCR1;HLA-A;CXCL9;TRAF2;MMP9;LIF;ST8SIA4;IRF8;EIF3D;BCAT1;IFNGR2;LCP2;CCL2;CD28;GZMB;INHBA;B2M;TAPBP;CDKN2A;NME1;CCND2;STAT1;IL6;RPL39;AKT1;TGFB2;HLA-DMB;INHBB;ETS1;ELF4;TIMP1;IL12RB1;ICAM1;CXCL13;CTSS;HLA-DOA;GCNT1;CD86;ABCE1;TAP2;BCL3;HLA-DRA;IFNG;LYN,Adjusted Sarcosine High vs Low,Sarcosine-Low,3.08041062100076,1.83798339942941,TRUE,FALSE,TRUE,TRUE,1.20141632834046e-5,1.83798339942941,B2M;C2;CCL2;CCND2;CCR1;CD28;CD80;CD86;CTSS;CXCL13;CXCL9;ELF4;GBP2;GCNT1;GZMB;HLA-A;HLA-DMB;HLA-DOA;HLA-DQA1;HLA-DRA;IFNG;IL12RB1;IL2RA;IRF8;LCP2;LYN;MMP9;ST8SIA4;STAT1;TAP1;TAPBP;TGFB1,32,139,0.2302158273381295
REACTOME_NEUTROPHIL_DEGRANULATION,Reactome,1.90298356275774,4.5169170130716796e-11,5.8202085804773e-10,411,AMPD3;ARHGAP9;TNFRSF1B;TRPM2;NCKAP1L;BIN2;PTPN6;GMFG;ITGAL;DOCK2;PTPRC;LAIR1;UNC13D;ALOX5;SIGLEC14;ITGB2;CYBB;ADAM8;ARHGAP45;CD53;HLA-B;ATP8B4;B2M;NBEAL2;ITGAX;HLA-C;PTAFR;RNASET2;OSCAR;HVCN1;ITGAM;MNDA;RHOG;TBC1D10C;NFAM1;TYROBP;CYBA;ATG7;VAMP8;CTSH;LILRB2;CST3;FGL2;CLEC4C;SERPINA1;CD300A;DOK3;SLC2A5;C3;SELL;CTSS;NFKB1;PRSS2;HK3;C3AR1;CD33;FGR;MVP;PLAC8;ENPP4;FCER1G;CD14;TCIRG1;ADGRE5;DYNLT1;ALDH3B1;CD47;LYZ;MAN2B1;SIGLEC9;CLEC5A;MANBA;TLR2;SLC27A2;P2RX1;GM2A;CTSC;GPR84;CR1;GLIPR1;SLC44A2;CLEC12A;GAA;COTL1;SERPINB1;IQGAP2;GSDMD;CHI3L1;OSTF1;ORM2;BST2;RAP1A;OLR1;HPSE;GRN;ATP8A1;CNN2;NFASC;CFP;STK10;YPEL5;VNN1;MMP9;PTX3;LILRB3;FCN1;PLAU;CRACR2A;PLAUR;CTSZ;FUCA1;DIAPH1;ROCK1;SVIP;CRISPLD2;CFD;NPC2;ORMDL3;RAP2C;CREG1;AP2A2;TMC6;GCA;MOSPD2;C5AR1;PSAP;CYFIP1;PDXK;ANPEP;LTA4H;RNASE2;GALNS;SLC11A1;CTSD;FPR1;CHIT1;ALDOC;CAT;PLEKHO2;TOLLIP;RAB31;LTF;PECAM1;SIRPB1;ARG1;QSOX1;CAB39;FTL;PFKL;PRCP;SNAP23;ANXA2;GLB1,Adjusted Degradation High vs Low,Higher in Degradation-High,Neutrophil degranulation,2026.1.Hs,-1.53767180171777,1.66910314692984e-6,3.59858638478074e-5,415,CSTB;DYNLT1;FTH1;IGF2R;VNN1;KPNB1;HLA-C;PSMD7;ARPC5;PSMD13;PSMA5;PSEN1;LGALS3;PNP;HLA-B;PSMB1;CD300A;AMPD3;FUCA2;SLC2A3;CTSZ;OSTF1;CDK13;PSMD12;ERP44;CD63;CTSB;LRRC7;ATP11A;DNAJC5;SURF4;LPCAT1;STK10;RAB5C;SLC15A4;PLAU;PSMD14;DEGS1;GMFG;DYNC1H1;SERPINB6;GLA;TMEM30A;PSMD11;CCT2;MMP9;ADAM10;PKP1;ANXA2;VCP;ACLY;SDCBP;XRCC6;PGM2;CTSD;CYFIP1;NHLRC3;TUBB;ILF2;PLAUR;AP2A2;GM2A;CREG1;RAB10;PSMD6;CAP1;RAP2B;ACTR10;HSPA8;CHIT1;PSMC2;RAP2C;LAMP1;PDXK;GUSB;B2M;SLC27A2;AGA;NRAS;TMEM179B;FUCA1;IQGAP1;RAB18;CCT8;TUBB4B;VAPA;GLB1;COPB1;ARL8A;RAB27A;COMMD3;HMGB1;RNASE2;CANT1;PAFAH1B2;HEXB;PSMD1;GPI;MOSPD2;FTL;PSMB7;PSAP;OSCAR;SERPINB1;PDAP1;DSP;NFKB1;PSMD3;CD59;CTSS;HSP90AA1;SIRPA;PA2G4,Adjusted Sarcosine High vs Low,Sarcosine-Low,1.90298356275774,1.53767180171777,TRUE,FALSE,TRUE,TRUE,3.59858638478074e-5,1.53767180171777,AMPD3;ANXA2;AP2A2;B2M;CD300A;CHIT1;CREG1;CTSD;CTSS;CTSZ;CYFIP1;DYNLT1;FTL;FUCA1;GLB1;GM2A;GMFG;HLA-B;HLA-C;MMP9;MOSPD2;NFKB1;OSCAR;OSTF1;PDXK;PLAU;PLAUR;PSAP;RAP2C;RNASE2;SERPINB1;SLC27A2;STK10;VNN1,34,232,0.14655172413793102
HALLMARK_INFLAMMATORY_RESPONSE,Hallmark,2.75859685514857,2.23995921696813e-25,1.86663268080678e-24,166,IL10RA;SEMA4D;TNFRSF1B;NOD2;IL18;LCK;RASGRP1;CCL5;NLRP3;CSF1;IL2RB;PTPRE;PIK3R5;IL15RA;CD82;LYN;CYBB;TNFSF10;IL4R;IRF1;NFKBIA;GNA15;TLR3;PTAFR;TNFRSF9;GPR183;CD69;LCP2;CMKLR1;AXL;RHOG;CD40;TLR1;GCH1;CD48;PTGER4;ABCA1;IRF7;CXCL9;SELL;TAPBP;IL7R;NFKB1;C3AR1;IRAK2;SLC31A2;STAB1;CCR7;CD14;NMI;CXCL11;CLEC5A;SCARF1;CXCL10;IL18RAP;TLR2;CXCR6;GP1BA;IL18R1;MSR1;CCRL2;CCL2;LAMP3;CSF3R;ADM;KCNJ2;BST2;RGS1;OLR1;RTP4;MARCO;RGS16;IL1R1;IL1B;IFITM1;ADGRE1;SLAMF1;PDPN;CCL7;GPR132;SLC4A4;PTGER2;BTG2;PLAUR;MEFV;KCNA3;TIMP1;KLF6;PDE4B;ITGA5;MXD1;TACR1;C5AR1;EDN1;LDLR;LPAR1;FPR1;RIPK2;CCL17;ICAM1;SGMS2;ADORA2B;AQP9,Adjusted Degradation High vs Low,Higher in Degradation-High,Genes defining inflammatory response.,2026.1.Hs,-1.77780807328841,7.98454159728467e-6,4.99033849830292e-5,181,ITGB3;SLC7A1;ABI1;PTPRE;CXCL11;SEMA4D;GNAI3;PSEN1;HIF1A;TNFSF9;RASGRP1;SLC31A1;IL15RA;MMP14;PVR;ADM;NAMPT;EREG;CXCL9;CXCL10;LIF;SPHK1;KCNJ2;OSM;IFNGR2;TNFSF15;PLAUR;IRAK2;CD70;LCP2;CCL2;CDKN1A;LY6E;MET;ADORA2B;INHBA;PDPN;TAPBP;P2RY2;ITGA5;IL6;LDLR;SERPINE1;LAMP3;CCRL2;TPBG;KLF6;TIMP1;SELENOS;ICAM1;OSMR;RELA;IFITM1;CXCL8;DCBLD2;NFKB1;HRH1;HBEGF;RTP4;IRF1;PDE4B;PTAFR;LYN;CXCR6;CCL22;ADRM1;BEST1;IL4R;NMI;RIPK2;GCH1;NMUR1,Adjusted Sarcosine High vs Low,Sarcosine-Low,2.75859685514857,1.77780807328841,TRUE,FALSE,TRUE,TRUE,4.99033849830292e-5,1.77780807328841,ADM;ADORA2B;CCL2;CCRL2;CXCL10;CXCL11;CXCL9;CXCR6;GCH1;ICAM1;IFITM1;IL15RA;IL4R;IRAK2;IRF1;ITGA5;KCNJ2;KLF6;LAMP3;LCP2;LDLR;LYN;NFKB1;NMI;PDE4B;PDPN;PLAUR;PTAFR;PTPRE;RASGRP1;RIPK2;RTP4;SEMA4D;TAPBP;TIMP1,35,140,0.25
REACTOME_TCR_SIGNALING,Reactome,2.39907450409897,6.19010463665345e-12,8.898275415189329e-11,101,INPP5D;WAS;HLA-DPB1;PTPN22;LCK;CD4;TRAT1;EVL;CARD11;CD3E;PTPRC;ITK;HLA-DPA1;CD3G;PLCG2;HLA-DRA;CD247;HLA-DRB1;CD3D;ZAP70;TRAV8-4;NFKBIA;GRAP2;PRKCQ;LCP2;TRAV19;HLA-DQB2;NFKB1;HLA-DQA1;TRBV7-9;HLA-DQB1;TAB2;HLA-DRB5,Adjusted Degradation High vs Low,Higher in Degradation-High,TCR signaling,2026.1.Hs,-1.99296943984677,3.26817913888035e-6,6.25404685609689e-5,102,PSMA4;PSMC1;PSMD7;PSMD13;PSMA5;PSMA6;PSMB1;HLA-DRB5;PSMA3;HLA-DQB1;HLA-DQA1;PSMC6;PSMD12;PSMB2;PSMD14;MAP3K7;PSMD11;TRAF6;HLA-DQB2;PAG1;CUL1;LCP2;PSMD6;PSMC2;EVL;PTPN22;PSMD1;PSMB7;HLA-DRB1;PSMC5;RELA;CHUK;NFKB1;PSMD3;GRAP2;PSMB5;HLA-DRA;PSMB6;PSMC3;ADRM1;PLCG1;RIPK2;ITK;PSMA7;CARD11;BTRC;NFKBIA,Adjusted Sarcosine High vs Low,Sarcosine-Low,2.39907450409897,1.99296943984677,TRUE,FALSE,TRUE,TRUE,6.25404685609689e-5,1.99296943984677,CARD11;EVL;GRAP2;HLA-DQA1;HLA-DQB1;HLA-DQB2;HLA-DRA;HLA-DRB1;HLA-DRB5;ITK;LCP2;NFKB1;NFKBIA;PTPN22,14,66,0.21212121212121213
REACTOME_INTERFERON_SIGNALING,Reactome,2.00491838236832,4.3720332550567203e-10,5.111872142806881e-9,254,CIITA;TRIM22;HLA-DPB1;IRF8;PTPN6;TRIM21;SP100;TRIM14;SAMHD1;IRF5;HLA-DPA1;UBA7;EIF4E3;HLA-DRA;GBP5;HLA-DRB1;PIM1;HLA-B;IRF1;OAS3;IRF2;OASL;IFI44L;IFI44;FKBP5;B2M;GBP2;HLA-F;IFIH1;HLA-C;GBP1;HLA-E;PML;PTAFR;OAS2;RSAD2;XAF1;JAK2;IFI35;IFIT2;GBP4;OAS1;SOCS1;UBE2L6;TRIM8;GBP3;HLA-DQB2;IFIT5;IRF7;STAT1;IFNG;MX2;VCAM1;IFIT3;CAMK2G;HLA-A;PSMB8;JAK1;RNASEL;HLA-DQA1;FCGR1A;MX1;TUBA4A;CAMK2D;HLA-DQB1;HLA-DRB5;USP18;IFIT1;TUBA3D;MAPK3;STAT3;HLA-DQA2;BST2;TRIM38;IFI27;CASP1,Adjusted Degradation High vs Low,Higher in Degradation-High,Interferon Signaling,2026.1.Hs,-1.68068073229623,3.81846576485454e-6,7.0970794732986e-5,255,IFIT3;KPNB1;NUP58;HLA-C;HLA-B;KPNA3;ISG20;RAE1;HLA-DRB5;EIF4A3;KPNA2;TUBB2A;HLA-DQB1;HLA-DQA1;IFIT2;GBP2;NUP54;HSPA5;GBP1;BECN1;IFIT5;GBP3;EIF4E;NUP153;NUP188;IFNAR2;HLA-A;EIF2S1;FANCA;NUP93;NUP205;SPHK1;NCAM1;IRF8;HLA-DQB2;NUP88;TPR;CENPX;IFI27;NUP85;ILF2;HLA-F;IFNGR2;NUP98;TUBB6;TUBB3;EIF2S2;STAT3;YBX1;TRIM21;CDK1;TRIM38;PSMB8;HSPA8;TRIM29;B2M;SEH1L;TUBA1A;PPP2R1B;TRIM14;STAT1;FNTA;TUBB4B;GBP4;FNTB;MAPT;ARIH1;EIF4G2;GBP5;HLA-DRB1;ICAM1;TP53;TRIM25;IFITM1;CHUK;OASL;PTPN1;HSPA2;ABCE1;IRF1;PIM1;HLA-DRA;DNAJC3;PTAFR;CASP1;IFNG;UBE2L6;EIF4A1;HLA-E;PDE12,Adjusted Sarcosine High vs Low,Sarcosine-Low,2.00491838236832,1.68068073229623,TRUE,FALSE,TRUE,TRUE,7.0970794732986e-5,1.68068073229623,B2M;CASP1;GBP1;GBP2;GBP3;GBP4;GBP5;HLA-A;HLA-B;HLA-C;HLA-DQA1;HLA-DQB1;HLA-DQB2;HLA-DRA;HLA-DRB1;HLA-DRB5;HLA-E;HLA-F;IFI27;IFIT2;IFIT3;IFIT5;IFNG;IRF1;IRF8;OASL;PIM1;PSMB8;PTAFR;STAT1;STAT3;TRIM14;TRIM21;TRIM38;UBE2L6,35,131,0.26717557251908397
REACTOME_TNFR2_NON_CANONICAL_NF_KB_PATHWAY,Reactome,1.9713097802516,2.65504531239606e-5,1.4164803599638e-4,71,TNFRSF1B;RELB;NFKB2;CD27;BIRC3;TNFSF12;TNFRSF9;TNFSF8;CD40;LTB;FASLG;CD40LG;TRAF3;TNFSF13B;TNFRSF25;MAP3K14;TNFRSF11A;TNF;TNFRSF13B,Adjusted Degradation High vs Low,Higher in Degradation-High,TNFR2 non-canonical NF-kB pathway,2026.1.Hs,-2.1184089071372,2.23563447089702e-6,4.6346422300519e-5,85,PSMA4;PSMC1;TNFSF4;PSMD7;PSMD13;PSMA5;PSMA6;PSMB1;RELB;TNFSF9;PSMA3;PSMC6;PSMD12;TNFRSF4;TRAF3;PSMB2;PSMD14;PSMD11;TRAF2;NFKB2;CUL1;TNFSF15;CD70;PSMD6;EDA;UBA3;PSMC2;BIRC2;TNFRSF12A;TNFRSF14;PSMD1;PSMB7;PSMC5;CHUK;PSMD3,Adjusted Sarcosine High vs Low,Sarcosine-Low,1.9713097802516,2.1184089071372,TRUE,FALSE,TRUE,TRUE,1.4164803599638e-4,1.9713097802516,NFKB2;RELB;TRAF3,3,51,0.058823529411764705
REACTOME_DOWNSTREAM_TCR_SIGNALING,Reactome,2.28157039726681,1.94111119375162e-9,2.07118565518858e-8,81,INPP5D;HLA-DPB1;LCK;CD4;TRAT1;CARD11;CD3E;HLA-DPA1;CD3G;HLA-DRA;CD247;HLA-DRB1;CD3D;TRAV8-4;NFKBIA;PRKCQ;TRAV19;HLA-DQB2;NFKB1;HLA-DQA1;TRBV7-9;HLA-DQB1;TAB2;HLA-DRB5,Adjusted Degradation High vs Low,Higher in Degradation-High,Downstream TCR signaling,2026.1.Hs,-2.06702287731114,1.04545785305649e-5,1.6003367374116e-4,81,PSMA4;PSMC1;PSMD7;PSMD13;PSMA5;PSMA6;PSMB1;HLA-DRB5;PSMA3;HLA-DQB1;HLA-DQA1;PSMC6;PSMD12;PSMB2;PSMD14;MAP3K7;PSMD11;TRAF6;HLA-DQB2;CUL1;PSMD6;PSMC2;PSMD1;PSMB7;HLA-DRB1;PSMC5;RELA;CHUK;NFKB1;PSMD3;PSMB5;HLA-DRA;PSMB6;PSMC3,Adjusted Sarcosine High vs Low,Sarcosine-Low,2.28157039726681,2.06702287731114,TRUE,FALSE,TRUE,TRUE,1.6003367374116e-4,2.06702287731114,HLA-DQA1;HLA-DQB1;HLA-DQB2;HLA-DRA;HLA-DRB1;HLA-DRB5;NFKB1,7,51,0.13725490196078433
REACTOME_FCERI_MEDIATED_NF_KB_ACTIVATION,Reactome,2.47790880698144,1.15446308371291e-14,2.17248962116884e-13,118,RASGRP1;CARD11;LYN;NFKBIA;PRKCQ;IGKV5-2;IGHV3-13;NFKB1;IGHV3-48;RASGRP2;IGLV1-40;FCER1G;IGLV3-25;IGHV1-46;IGHV3-53;IGLV1-47;IGHV3-7;IGLV2-23;IGLV3-1;IGKV1-17;IGLC3;IGHV4-34;IGLV3-27;IGLV2-14;IGKV4-1;IGKV1-39;IGKV3-11;IGLV1-44;TAB2;IGKV1-16;IGKV1-12;IGKV1D-39;IGLV2-11;IGLV3-21;IGLV2-8;IGKV3-15;IGKV3-20;IGHV3-33;IGKV2-28;IGLV3-19;IGHV3-11;IGKV2D-40;IGLC2;IGKV1-5;IGLV6-57;IGKV3D-20;IGHV2-70;IGKV1-33;IGHV1-2;IGHV3-23;IGHV2-5;IGHV3-30;IGHV4-59;IGKV1D-12;IGLV7-43;UBC;IGHV1-69;IGLV1-51;IGHV4-39;IGKV2-30;MALT1;IGKV1D-33;IKBKB,Adjusted Degradation High vs Low,Higher in Degradation-High,FCERI mediated NF-kB activation,2026.1.Hs,-2.08018712154135,1.20489602073901e-5,1.7552404194008e-4,68,PSMA4;PSMC1;PSMD7;PSMD13;PSMA5;PSMA6;PSMB1;PSMA3;RASGRP1;PSMC6;PSMD12;PSMB2;PSMD14;MAP3K7;PSMD11;TRAF6;CUL1;PSMD6;PSMC2;PSMD1;PSMB7;PSMC5;RELA;CHUK;NFKB1;PSMD3;PSMB5;TAB3;PSMB6;LYN;PSMC3,Adjusted Sarcosine High vs Low,Sarcosine-Low,2.47790880698144,2.08018712154135,TRUE,FALSE,TRUE,TRUE,1.7552404194008e-4,2.08018712154135,LYN;NFKB1;RASGRP1,3,91,0.03296703296703297
HALLMARK_INTERFERON_ALPHA_RESPONSE,Hallmark,2.97638513429828,3.9933019577624296e-26,3.9933019577624298e-25,94,DDX60;CD74;TRIM21;TRIM14;CSF1;TRAFD1;SP110;SAMD9L;UBA7;EPSTI1;DHX58;IL4R;IRF1;SAMD9;PSMB9;IRF2;OASL;IFI44L;IFI44;B2M;GBP2;IFIH1;HLA-C;PARP14;PSME1;RSAD2;PARP12;IFI35;IFIT2;GBP4;OAS1;PARP9;SLC25A28;LAP3;UBE2L6;CMPK2;CASP8;IL7;IRF7;HERC6;SELL;TAP1;TXNIP;IFIT3;PSMB8;BATF2;NMI;NUB1;CXCL11;LPAR6;CD47;C1S;MX1;CXCL10;CCRL2;USP18;LAMP3;BST2;PSME2;RTP4;IFI27;CASP1;OGFR;MOV10;IFITM1;IRF9;ISG15;HELZ2;PLSCR1;TRIM5,Adjusted Degradation High vs Low,Higher in Degradation-High,Genes up-regulated in response to alpha interferon proteins.,2026.1.Hs,-1.84344455914205,8.08106515704973e-5,4.0405325785248e-4,95,IFIT3;HLA-C;CXCL11;ISG20;PSMA3;NUB1;TAP1;IFIT2;GBP2;CMTR1;CXCL10;LAP3;IFI27;TRIM21;PNPT1;PSMB8;LY6E;PARP12;B2M;EPSTI1;TRIM14;LAMP3;GBP4;PSMB9;CCRL2;LGALS3BP;TRIM25;IFITM1;OASL;RTP4;IRF1;GMPR;SAMD9L;CASP1;UBE2L6;CMPK2;IL4R;NMI;SAMD9;RIPK2,Adjusted Sarcosine High vs Low,Sarcosine-Low,2.97638513429828,1.84344455914205,TRUE,FALSE,TRUE,TRUE,4.0405325785248e-4,1.84344455914205,B2M;CASP1;CCRL2;CMPK2;CXCL10;CXCL11;EPSTI1;GBP2;GBP4;HLA-C;IFI27;IFIT2;IFIT3;IFITM1;IL4R;IRF1;LAMP3;LAP3;NMI;NUB1;OASL;PARP12;PSMB8;PSMB9;RTP4;SAMD9;SAMD9L;TAP1;TRIM14;TRIM21;UBE2L6,31,79,0.3924050632911392
GOBP_NEGATIVE_REGULATION_OF_CELL_ACTIVATION,GO:BP,2.56713443039057,2.12350497841958e-21,1.15049598084523e-19,195,INPP5D;LST1;LGALS9;PTPN22;CD74;PTPN6;BTK;PTPRC;CD84;CRTAM;HAVCR2;PSMB10;LILRB4;HLA-DRB1;PDCD1;LYN;LAPTM5;IRF1;PSMB9;CST7;CD86;JAK3;LILRB1;CD80;IL4I1;HLA-E;SPN;SAMSN1;PDCD1LG2;ID2;IL2RA;CD69;AXL;MNDA;TBC1D10C;ZC3H12A;NR1H3;SOCS1;TYROBP;LAG3;LILRB2;TBX21;FGL2;CD37;IDO1;CD300A;TNFAIP3;FOXP3;BTLA;IL31RA;BANK1;CD33;CD274;FGR;PSMB8;TREM2;MILR1;CTLA4;LAX1;VSIG4;CR1;TGFB1;BCL6;PLA2G2D;TNFRSF13B;MIR185;CLEC12A;SH2B3;UBASH3B;MERTK;FCGR2B;CD300LF;GRN;HFE,Adjusted Degradation High vs Low,Higher in Degradation-High,"Any process that stops, prevents, or reduces the frequency, rate or extent of cell activation. [GOC:ai]",2026.1.Hs,-1.73722421255611,1.34839770850435e-6,5.7067187463256e-4,207,PSMA4;HAVCR2;TNFSF4;SHH;MDK;PSMA5;PDGFA;LGALS3;CD274;GPNMB;CBFB;PSMA6;PSMB1;TGFB1;CD300A;PSMA3;SFTPD;INHA;PRKAR1A;CD80;TNFAIP3;IL4I1;PSMB2;IL2RA;GCLC;BTN2A2;BMP4;TMX1;HMGB3;RABGEF1;PAG1;RUNX1;SOX11;ZC3H12A;PDGFB;FN1;PSMB8;INHBA;APOE;CDKN2A;IL31RA;THBD;LDLR;GPER1;RC3H2;PTPN22;PSMB9;CD200;HMGB1;SH2B3,Adjusted Sarcosine High vs Low,Sarcosine-Low,2.56713443039057,1.73722421255611,TRUE,FALSE,TRUE,TRUE,5.7067187463256e-4,1.73722421255611,CD274;CD300A;CD80;HAVCR2;IL2RA;IL31RA;IL4I1;PSMB8;PSMB9;PTPN22;SH2B3;TGFB1;TNFAIP3;ZC3H12A,14,110,0.12727272727272726
REACTOME_ANTIGEN_PRESENTATION_FOLDING_ASSEMBLY_AND_PEPTIDE_LOADING_OF_CLASS_I_MHC,Reactome,2.20117571193067,4.07729232656511e-6,2.60493676419438e-5,28,HLA-B;B2M;HLA-F;HLA-C;ERAP1;HLA-E;ERAP2;TAPBP;TAP1;HLA-A,Adjusted Degradation High vs Low,Higher in Degradation-High,"Antigen Presentation: Folding, assembly and peptide loading of class I MHC",2026.1.Hs,-2.15395489062084,9.16350735665961e-5,0.00108552317917352,29,HLA-C;HLA-B;TAP1;HSPA5;BECN1;HLA-A;SEC23A;PDIA3;HLA-F;B2M;TAPBP;CALR;ERAP1;BCAP31;TAP2;PIK3C3;HLA-E,Adjusted Sarcosine High vs Low,Sarcosine-Low,2.20117571193067,2.15395489062084,TRUE,FALSE,TRUE,TRUE,0.00108552317917352,2.15395489062084,B2M;ERAP1;HLA-A;HLA-B;HLA-C;HLA-E;HLA-F;TAP1;TAPBP,9,18,0.5
REACTOME_SIGNALING_BY_THE_B_CELL_RECEPTOR_BCR,Reactome,2.59050955947221,6.93733672157021e-19,2.3933811689417202e-17,150,BLNK;VAV1;PTPN6;RASGRP1;BTK;CARD11;DAPP1;PIK3AP1;PLCG2;LYN;PRKCB;SYK;NFKBIA;STIM1;REL;CD79A;IGKV5-2;IGHV3-13;IGHM;NFKB1;IGHV3-48;IGLV1-40;CD79B;IGLV3-25;IGHV1-46;IGHV3-53;IGLV1-47;SH3KBP1;IGHV3-7;IGLV2-23;IGLV3-1;IGKV1-17;IGLC3;ITPR1;IGHV4-34;IGLV3-27;IGLV2-14;CD19;IGKV4-1;IGKV1-39;IGKV3-11;IGLV1-44;BLK;IGKV1-16;IGKV1-12;IGHD;IGKV1D-39;IGLV2-11;IGLV3-21;IGLV2-8;IGKV3-15;IGKV3-20;IGHV3-33;IGKV2-28;IGLV3-19;IGHV3-11;IGKV2D-40;IGLC2;IGKV1-5;IGLV6-57;IGKV3D-20;IGHV2-70;IGKV1-33;IGHV1-2;CD22;PIK3R1;IGHV3-23;IGHV2-5;IGHV3-30;IGHV4-59;IGKV1D-12;IGLV7-43;UBC;IGHV1-69;IGLV1-51;NCK1;IGHV4-39;IGKV2-30;NFATC3;MALT1;IGKV1D-33;IKBKB;RASGRP3,Adjusted Degradation High vs Low,Higher in Degradation-High,Signaling by the B Cell Receptor (BCR),2026.1.Hs,-1.77434346519288,1.075236819457e-4,0.00124634977567166,97,PSMA4;PSMC1;PSMD7;PSMD13;PSMA5;PSMA6;PSMB1;PSMA3;RASGRP1;PSMC6;PSMD12;PSMB2;PSMD14;MAP3K7;PSMD11;CUL1;HRAS;PSMD6;GRB2;PSMC2;NRAS;CALM1;PSMD1;PSMB7;PSMC5;RELA;CHUK;NFKB1;PSMD3;ITPR3;PSMB5;RASGRP3;PSMB6;LYN;PSMC3;ADRM1;PPP3CB;PIK3CD;PSMA7;CARD11;BTRC;NFKBIA,Adjusted Sarcosine High vs Low,Sarcosine-Low,2.59050955947221,1.77434346519288,TRUE,FALSE,TRUE,TRUE,0.00124634977567166,1.77434346519288,CARD11;LYN;NFKB1;NFKBIA;RASGRP1;RASGRP3,6,119,0.05042016806722689
HALLMARK_EPITHELIAL_MESENCHYMAL_TRANSITION,Hallmark,1.58333503108332,5.9256675118999e-4,0.00148141687797499,192,IL32;ID2;TNFAIP3;PRSS2;CXCL12;VCAM1;WIPF1;GPC1;BASP1;TGFB1;LAMA2;GLIPR1;MAGEE1;COL8A2;VEGFC;AREG;FAS;ABI3BP;MATN2;JUN;CAPG;TGM2;LAMC2;DKK1;TFPI2;SDC4;MYLK;PTX3;THBS1;SAT1;PLAUR;FUCA1;TIMP1;LAMA3;NT5E;ITGA5;FGF2;NTM;PMEPA1;ANPEP;COL7A1;CDH2;FOXC2;FSTL3;TAGLN;GEM;SNTB1;PDGFRB;FBLN1;COL6A2;QSOX1;LOXL2;DCN;SLIT2;LRP1;RGS4;GPX7;MEST;CDH11;IL15;ITGA2;GADD45B;EFEMP2;INHBA;CDH6;PRRX1;IGFBP4;TPM1;LRRC15;NOTCH2;TGFBI;COL16A1;COL12A1;GADD45A;SERPINE1;GJA1;COL6A3;ACTA2;FBLN2;TIMP3;NNMT;LOXL1;ECM2;SLIT3;EDIL3;SDC1,Adjusted Degradation High vs Low,Higher in Degradation-High,"Genes defining epithelial-mesenchymal transition, as in wound healing, fibrosis and metastasis.",2026.1.Hs,-1.53121848698002,3.1397749611156e-4,0.00131887039764957,195,MMP1;ITGB3;TGFB1;NT5E;PMEPA1;TNFAIP3;MMP14;ENO2;PVR;THBS1;PDLIM4;COL5A2;ITGB1;VEGFC;CDH2;FZD8;COL5A1;IGFBP2;GADD45B;TGM2;MFAP5;COMP;COL4A1;LAMC1;PLAUR;LAMC2;COL1A1;LOXL2;CTHRC1;GREM1;FN1;INHBA;NID2;DPYSL3;VEGFA;ITGA5;TNFRSF12A;FUCA1;IL6;ADAM12;SERPINE1;LOXL1;OXTR;FAP;RGS4;PFN2;MCM7;TIMP1;SPP1;MXRA5;SAT1;NTM;DKK1;CXCL8;CD59;MSX1;COL5A3;P3H1;SCG2;COL3A1;FERMT2;WNT5A;COL1A2;CADM1;GEM;COL4A2;POSTN;FBN2;TPM1;COL6A3;CD44;PLOD1;COL12A1;SPARC;CALU;DST;CAP2,Adjusted Sarcosine High vs Low,Sarcosine-Low,1.58333503108332,1.53121848698002,TRUE,FALSE,TRUE,TRUE,0.00148141687797499,1.53121848698002,CDH2;COL12A1;COL6A3;DKK1;FUCA1;GADD45B;GEM;INHBA;ITGA5;LAMC2;LOXL1;LOXL2;NT5E;NTM;PLAUR;PMEPA1;RGS4;SAT1;SERPINE1;TGFB1;TGM2;THBS1;TIMP1;TNFAIP3;TPM1;VEGFC,26,137,0.1897810218978102
GOBP_NEGATIVE_REGULATION_OF_REGULATORY_T_CELL_DIFFERENTIATION,GO:BP,1.92455132853671,7.334773466605e-4,0.00324384849471916,18,PSMB10;IRF1;PSMB9;LAG3;PSMB8;CTLA4,Adjusted Degradation High vs Low,Higher in Degradation-High,"Any process that stops, prevents, or reduces the rate of differentiation of regulatory T cells. [ISBN:0781735149]",2026.1.Hs,-2.38563472759316,7.95843561042395e-6,0.00189460507750655,19,PSMA4;TNFSF4;MDK;PSMA5;PSMA6;PSMB1;PSMA3;PSMB2,Adjusted Sarcosine High vs Low,Sarcosine-Low,1.92455132853671,2.38563472759316,TRUE,FALSE,TRUE,TRUE,0.00324384849471916,1.92455132853671,,0,14,0
GOBP_RESPONSE_TO_TYPE_I_INTERFERON,GO:BP,1.87366009313911,2.00775628686719e-5,1.2544157179566e-4,101,NLRC5;PTPN6;SP100;SAMHD1;RBM47;IKBKE;OAS3;OASL;IFIH1;OAS2;PSME1;CH25H;OAS1;IRF7;STAT1;JAK1;TRAF3;MX1;ZBP1;TANK;CR2;USP18;SMPD1;IFIT1;PSME2;IFI27;MYD88;TRIM56;IFITM1;IRF3;ISG15;TYK2,Adjusted Degradation High vs Low,Higher in Degradation-High,"Any process that results in a change in state or activity of a cell or an organism (in terms of movement, secretion, enzyme production, gene expression, etc.) as a result of a type I interferon stimulus. Type I interferons include the interferon-alpha, beta, delta, episilon, zeta, kappa, tau, and omega gene families. [GOC:add, ISBN:0126896631, PMID:15546383, PMID:16681834]",2026.1.Hs,-1.85677072913375,1.64504580425406e-5,0.00368587027553159,105,PSMA4;PSMC1;PSMD7;PSMD13;PSMA5;PSMA6;PSMB1;PSMA3;PSMC6;PSMD12;UBE2K;TRAF3;PSMB2;PSMD14;IFNAR2;PSMD11;IFI27;YTHDF3;PSMD6;PSMC2;MUL1;YTHDF2;STAT1;PSMD1;FADD;TBK1;PSMB7;PSMC5;NLRC5;IFITM1;PSMD3;OASL;PTPN1;SIN3A;RBM47;PSMB5;PSMB6;PSMC3;WNT5A,Adjusted Sarcosine High vs Low,Sarcosine-Low,1.87366009313911,1.85677072913375,TRUE,FALSE,TRUE,TRUE,0.00368587027553159,1.85677072913375,IFI27;IFITM1;NLRC5;OASL;RBM47;STAT1;TRAF3,7,64,0.109375
GOBP_NEGATIVE_REGULATION_OF_LYMPHOCYTE_ACTIVATION,GO:BP,2.57828575284555,8.02824795038241e-20,3.64281750748602e-18,152,INPP5D;LST1;LGALS9;PTPN22;CD74;PTPN6;BTK;CRTAM;HAVCR2;PSMB10;LILRB4;HLA-DRB1;PDCD1;LYN;LAPTM5;IRF1;PSMB9;CD86;JAK3;LILRB1;CD80;IL4I1;HLA-E;SPN;SAMSN1;PDCD1LG2;ID2;IL2RA;CD69;AXL;MNDA;TBC1D10C;ZC3H12A;SOCS1;TYROBP;LAG3;LILRB2;TBX21;FGL2;IDO1;CD300A;TNFAIP3;FOXP3;BTLA;BANK1;CD274;FGR;PSMB8;CTLA4;LAX1;VSIG4;CR1;TGFB1;BCL6;PLA2G2D;TNFRSF13B;MIR185;CLEC12A,Adjusted Degradation High vs Low,Higher in Degradation-High,"Any process that stops, prevents, or reduces the frequency, rate or extent of lymphocyte activation. [GOC:ai]",2026.1.Hs,-1.73286343064563,2.14247545048946e-5,0.00379640990330467,160,PSMA4;HAVCR2;TNFSF4;SHH;MDK;PSMA5;LGALS3;CD274;GPNMB;CBFB;PSMA6;PSMB1;TGFB1;CD300A;PSMA3;SFTPD;INHA;PRKAR1A;CD80;TNFAIP3;IL4I1;PSMB2;IL2RA;BTN2A2;BMP4;HMGB3;PAG1;RUNX1;SOX11;ZC3H12A,Adjusted Sarcosine High vs Low,Sarcosine-Low,2.57828575284555,1.73286343064563,TRUE,FALSE,TRUE,TRUE,0.00379640990330467,1.73286343064563,CD274;CD300A;CD80;HAVCR2;IL2RA;IL4I1;TGFB1;TNFAIP3;ZC3H12A,9,79,0.11392405063291139
GOBP_POSITIVE_REGULATION_OF_INTERLEUKIN_2_PRODUCTION,GO:BP,2.13710357891962,3.74078952107143e-6,2.68892395277016e-5,45,SASH3;CD4;CARD11;CD3E;PTPRC;PSMB10;PLCG2;CLEC7A;PSMB9;CD86;CD80;PRKCQ;PSMB8;PRKD2;CCR2;CD28;CD83;ANXA1;IL1B;STAT5B;PDE4B;MALT1;STAT5A,Adjusted Degradation High vs Low,Higher in Degradation-High,"Any process that activates or increases the frequency, rate, or extent of interleukin-2 production. [GOC:mah]",2026.1.Hs,-2.13316852694566,2.01821439967891e-5,0.00379640990330467,46,PSMA4;PSMA5;PNP;PSMA6;PSMB1;PSMA3;CD80;ABL1;PSMB2;MAP3K7;TRAF2;TRAF6;RUNX1;PSMB8;CD28,Adjusted Sarcosine High vs Low,Sarcosine-Low,2.13710357891962,2.13316852694566,TRUE,FALSE,TRUE,TRUE,0.00379640990330467,2.13316852694566,CD28;CD80;PSMB8,3,35,0.08571428571428572
GOBP_NEGATIVE_REGULATION_OF_LYMPHOCYTE_DIFFERENTIATION,GO:BP,2.08044283389975,1.62365136476335e-6,1.23560890022872e-5,58,CD74;PSMB10;LILRB4;IRF1;PSMB9;JAK3;ID2;CD69;ZC3H12A;SOCS1;LAG3;TBX21;FGL2;FOXP3;PSMB8;CTLA4;CR1;BCL6,Adjusted Degradation High vs Low,Higher in Degradation-High,"Any process that stops, prevents, or reduces the frequency, rate or extent of lymphocyte differentiation. [GOC:go_curators]",2026.1.Hs,-2.01376675151793,1.85349101478395e-5,0.00379640990330467,65,PSMA4;TNFSF4;SHH;MDK;PSMA5;CBFB;PSMA6;PSMB1;PSMA3;INHA;PSMB2;BMP4;HMGB3;RUNX1;ZC3H12A;PSMB8;INHBA;CDKN2A;RC3H2;PSMB9;HMGB1,Adjusted Sarcosine High vs Low,Sarcosine-Low,2.08044283389975,2.01376675151793,TRUE,FALSE,TRUE,TRUE,0.00379640990330467,2.01376675151793,PSMB8;PSMB9;ZC3H12A,3,36,0.08333333333333333
GOBP_ANTIGEN_PROCESSING_AND_PRESENTATION_OF_EXOGENOUS_PEPTIDE_ANTIGEN,GO:BP,2.76851730312232,7.45164069618706e-16,2.23549220885612e-14,40,HLA-DOA;HLA-DPB1;CD74;HLA-DMA;HLA-DPA1;PSMB10;HLA-DRA;HLA-DMB;HLA-DRB1;HLA-B;B2M;HLA-F;HLA-C;HLA-E;MPEG1;CLEC4A;HLA-DQB2;UNC93B1;CTSS;HLA-A;FCER1G;HLA-DQA1;HLA-DOB;FCGR1A;HLA-DQB1;HLA-DRB5;LNPEP;HLA-DQA2;FCGR2B;DNM2;MFSD6,Adjusted Degradation High vs Low,Higher in Degradation-High,"The process in which an antigen-presenting cell expresses a peptide antigen of exogenous origin on its cell surface in association with an MHC protein complex. The peptide is typically a fragment of a larger exogenous protein which has been degraded within the cell. [GOC:add, ISBN:0781735149]",2026.1.Hs,-2.10879809004164,2.99033842632556e-5,0.00446964778466105,41,HLA-C;CTSL;HLA-B;HLA-DRB5;HLA-DQB1;HLA-DQA1;HLA-A;LGMN;TRAF6;HLA-DQB2;CTSD;HLA-F;B2M;CTSF;HLA-DMB;HLA-DRB1;CTSS;HLA-DOA;TAP2;HLA-DRA;HLA-E,Adjusted Sarcosine High vs Low,Sarcosine-Low,2.76851730312232,2.10879809004164,TRUE,FALSE,TRUE,TRUE,0.00446964778466105,2.10879809004164,B2M;CTSS;HLA-A;HLA-B;HLA-C;HLA-DMB;HLA-DOA;HLA-DQA1;HLA-DQB1;HLA-DQB2;HLA-DRA;HLA-DRB1;HLA-DRB5;HLA-E;HLA-F,15,37,0.40540540540540543
GOBP_INTERLEUKIN_2_PRODUCTION,GO:BP,2.5036858801107,1.2982515863154099e-12,2.8735690599542197e-11,68,SASH3;GPR174;CD4;CARD11;CD3E;PTPRC;HAVCR2;PSMB10;PLCG2;CLEC7A;LILRB4;LAPTM5;GATA3;PSMB9;CD86;CD80;GBP1;PRKCQ;CARD9;LAG3;TBX21;TNFAIP3;FOXP3;PSMB8;ZFP36;PRKD2;CCR2;VSIG4;CR1;CD28,Adjusted Degradation High vs Low,Higher in Degradation-High,"The appearance of interleukin-2 due to biosynthesis or secretion following a cellular stimulus, resulting in an increase in its intracellular or extracellular levels. [GOC:mah]",2026.1.Hs,-1.97606556494923,3.09900199219455e-5,0.00446964778466105,72,PSMA4;HAVCR2;PSMA5;PNP;PSMA6;PSMB1;PSMA3;SFTPD;CD80;TNFAIP3;ABL1;GBP1;HOMER3;PSMB2;MAP3K7;TRAF2;TRAF6;RUNX1;PSMB8;CD28,Adjusted Sarcosine High vs Low,Sarcosine-Low,2.5036858801107,1.97606556494923,TRUE,FALSE,TRUE,TRUE,0.00446964778466105,1.97606556494923,CD28;CD80;GBP1;HAVCR2;PSMB8;TNFAIP3,6,44,0.13636363636363635
GOBP_THYMIC_T_CELL_SELECTION,GO:BP,2.31627936754134,3.27528777274065e-8,3.51754278551732e-7,32,CD74;DOCK2;CARD11;CD3E;PTPRC;CD3G;PSMB10;CD3D;GATA3;PSMB9;ZAP70;SPN;TOX;CCR7;CD28,Adjusted Degradation High vs Low,Higher in Degradation-High,"The process of T cell selection that occurs in the thymus. [ISBN:0781735149, PMID:12414722]",2026.1.Hs,-2.23224518566612,3.16829850842343e-5,0.00446964778466105,35,PSMA4;SHH;PSMA5;PSMA6;PSMB1;PSMA3;PSMB2;ATG5;CD28;TOX;PSMB9,Adjusted Sarcosine High vs Low,Sarcosine-Low,2.31627936754134,2.23224518566612,TRUE,FALSE,TRUE,TRUE,0.00446964778466105,2.23224518566612,CD28;PSMB9;TOX,3,23,0.13043478260869565
REACTOME_REGULATION_OF_T_CELL_ACTIVATION_BY_CD28_FAMILY,Reactome,1.66969973243483,1.028024030157e-4,4.8584697315639e-4,200,PIK3CG;VAV1;HLA-DPB1;PTPN6;NFKB2;LCK;CD4;CD3E;ICOS;HLA-DPA1;CD3G;HLA-DRA;PIK3R5;CD247;HLA-DRB1;PDCD1;CD3D;LYN;IRF1;PRKAG2;TRAV8-4;CD86;GRAP2;CD80;PDCD1LG2;PIK3R6;TRAV19;HLA-DQB2;STAT1;BTLA;NFKB1;CD274;JAK1;TCF7;HLA-DQA1;CTLA4;TRBV7-9;MAP3K8;MAP3K14;HLA-DQB1;HLA-DRB5;CD28,Adjusted Degradation High vs Low,Higher in Degradation-High,Regulation of T cell activation by CD28 family,2026.1.Hs,-1.49708509212372,6.0441998725629e-4,0.0055795128637508,202,PSMA4;PSMC1;PSMD7;PSMD13;PSMA5;HIF1A;CD274;PSMA6;PSMB1;TRIB3;HLA-DRB5;PSMA3;HLA-DQB1;HLA-DQA1;CD80;PSMC6;PSMD12;PSMB2;CSNK2A2;PPP2R5E;PSMD14;YES1;EZH2;PSMD11;VCP;HLA-DQB2;NFKB2;CUL1;SUZ12;CSNK2A1;TEAD4;MAPKAP1;ATF3;STAT3;PSMD6;GRB2;CD28;PSMC2;PPP2R1B;PPP2R5C;STAT1;PIK3R6;AGO2;AKT1;DERL1;TNFRSF14;PSMD1;PSMB7;COPS5;HLA-DRB1;KMT2A;PSMC5;YWHAG;RELA;NFKB1;PSMD3;CD86;GRAP2;IRF1;PSMB5;SEL1L;HLA-DRA;STT3B;PSMB6;LYN;PSMC3,Adjusted Sarcosine High vs Low,Sarcosine-Low,1.66969973243483,1.49708509212372,TRUE,FALSE,TRUE,TRUE,0.0055795128637508,1.49708509212372,CD274;CD28;CD80;CD86;GRAP2;HLA-DQA1;HLA-DQB1;HLA-DQB2;HLA-DRA;HLA-DRB1;HLA-DRB5;IRF1;LYN;NFKB1;NFKB2;PIK3R6;STAT1,17,91,0.18681318681318682
GOBP_REGULATION_OF_LYMPHOCYTE_DIFFERENTIATION,GO:BP,2.5442547761198,5.80398679722428e-21,3.00978172484631e-19,204,INPP5D;SASH3;SPI1;LGALS9;HLA-DOA;CYLD;NCKAP1L;CD74;PTPN6;IL18;LCK;RASGRP1;BTK;CARD11;NLRP3;PTPRC;CD2;CRTAM;IL12RB1;CD27;IL2RG;TESPA1;PSMB10;HLA-DRA;LILRB4;IL15RA;HLA-DRB1;SLAMF8;ADAM8;PRDM1;SYK;IRF1;GATA3;PSMB9;ZAP70;IKZF3;CD86;JAK3;GPR65;CD80;IL4I1;PIK3R6;ID2;IL2RA;CD69;AXL;NFAM1;ZC3H12A;TGFBR2;SOCS1;LAG3;TOX;LILRB2;TBX21;FGL2;IL7;FOXP3;IFNG;IL7R;BATF;PSMB8;ZNF683;TCF7;CCL19;CTLA4;FCRL3;CCR2;CR1;TGFB1;BCL6;CD28,Adjusted Degradation High vs Low,Higher in Degradation-High,"Any process that modulates the frequency, rate or extent of lymphocyte differentiation. [GOC:go_curators]",2026.1.Hs,-1.60118200329472,5.77875428479492e-5,0.00594899326237401,214,PSMA4;VNN1;TNFSF4;SHH;MDK;PSMA5;PNP;CBFB;PSMA6;PSMB1;TGFB1;SH3RF1;TNFSF9;PSMA3;DDRGK1;RASGRP1;INHA;CD80;IL15RA;MMP14;ABL1;IL4I1;PSMB2;IL2RA;SOX4;SHB;FANCA;ZBTB1;SMARCA4;BTN2A2;PCID2;BMP4;PHF10;PRKDC;XRCC6;HMGB3;RUNX1;ZC3H12A;PPP2R3C,Adjusted Sarcosine High vs Low,Sarcosine-Low,2.5442547761198,1.60118200329472,TRUE,FALSE,TRUE,TRUE,0.00594899326237401,1.60118200329472,CD80;IL15RA;IL2RA;IL4I1;RASGRP1;TGFB1;ZC3H12A,7,103,0.06796116504854369
GOBP_NEGATIVE_REGULATION_OF_CELL_CELL_ADHESION,GO:BP,2.16239758704113,1.6957060515582398e-11,3.23969103534548e-10,175,SPI1;LGALS9;PTPN22;CD74;PTPN6;AKNA;CRTAM;HAVCR2;PSMB10;LILRB4;HLA-DRB1;PDCD1;LAPTM5;IRF1;PSMB9;CD86;JAK3;LILRB1;CD80;IL4I1;HLA-E;SPN;PDCD1LG2;IL2RA;CD69;JAK2;ZC3H12A;SOCS1;LAG3;LILRB2;TBX21;FGL2;IDO1;CD300A;FOXP3;BTLA;CXCL12;CD274;PSMB8;CTLA4;LAX1;SPINT2;VSIG4;CR1;TGFB1;BCL6;PLA2G2D,Adjusted Degradation High vs Low,Higher in Degradation-High,"Any process that stops, prevents or reduces the rate or extent of cell adhesion to another cell. [GOC:isa_complete]",2026.1.Hs,-1.61400177474391,7.69840776608062e-5,0.00698172266214311,188,PSMA4;GTPBP4;HAVCR2;TNFSF4;SHH;MDK;PSMA5;LGALS3;CD274;GPNMB;CBFB;PSMA6;PSMB1;TGFB1;CD300A;MAP2K1;PSMA3;SFTPD;PRKAR1A;CD80;ABL1;IL4I1;PSMB2;IL2RA;BTN2A2;BMP4;TMX1;PAG1;RUNX1;ZC3H12A;NEXMIF;PSMB8;ADTRP;CDKN2A;VEGFA;YTHDF2;IL1RN;AKT1;RC3H2;PTPN22;PSMB9;HMGB1;SH2B3,Adjusted Sarcosine High vs Low,Sarcosine-Low,2.16239758704113,1.61400177474391,TRUE,FALSE,TRUE,TRUE,0.00698172266214311,1.61400177474391,CD274;CD300A;CD80;HAVCR2;IL2RA;IL4I1;PSMB8;PSMB9;PTPN22;TGFB1;ZC3H12A,11,79,0.13924050632911392
GOBP_NEGATIVE_REGULATION_OF_LEUKOCYTE_CELL_CELL_ADHESION,GO:BP,2.36072652711786,1.02431178101066e-13,2.6863737453565798e-12,132,LGALS9;PTPN22;CD74;PTPN6;CRTAM;HAVCR2;PSMB10;LILRB4;HLA-DRB1;PDCD1;LAPTM5;IRF1;PSMB9;CD86;JAK3;LILRB1;CD80;IL4I1;HLA-E;SPN;PDCD1LG2;IL2RA;CD69;ZC3H12A;SOCS1;LAG3;LILRB2;TBX21;FGL2;IDO1;CD300A;FOXP3;BTLA;CXCL12;CD274;PSMB8;CTLA4;LAX1;VSIG4;CR1;TGFB1;BCL6;PLA2G2D,Adjusted Degradation High vs Low,Higher in Degradation-High,"Any process that stops, prevents or reduces the frequency, rate or extent of leukocyte cell-cell adhesion. [GO_REF:0000058, GOC:BHF, GOC:rl, GOC:TermGenie, PMID:21106532]",2026.1.Hs,-1.69539428528547,9.36153091697043e-5,0.00792401583616453,140,PSMA4;HAVCR2;TNFSF4;SHH;MDK;PSMA5;LGALS3;CD274;GPNMB;CBFB;PSMA6;PSMB1;TGFB1;CD300A;PSMA3;SFTPD;PRKAR1A;CD80;IL4I1;PSMB2;IL2RA;BTN2A2;BMP4;PAG1;RUNX1;ZC3H12A;PSMB8;ADTRP;CDKN2A;AKT1;RC3H2;PTPN22;PSMB9;HMGB1,Adjusted Sarcosine High vs Low,Sarcosine-Low,2.36072652711786,1.69539428528547,TRUE,FALSE,TRUE,TRUE,0.00792401583616453,1.69539428528547,CD274;CD300A;CD80;HAVCR2;IL2RA;IL4I1;PSMB8;PSMB9;PTPN22;TGFB1;ZC3H12A,11,66,0.16666666666666666
REACTOME_C_TYPE_LECTIN_RECEPTORS_CLRS,Reactome,1.58619113048398,0.00265448483966219,0.00861251350799489,112,RELB;NFKB2;CARD11;PLCG2;CLEC7A;LYN;SYK;NFKBIA;CLEC10A;CARD9;CLEC4A;CASP8;CLEC4C;NFKB1;MUC12;FCER1G;MUC5B;ITPR1;MAP3K14;TAB2;CLEC4E;MUC6;IL1B;UBC;NFATC3;MALT1;PRKACB;CD209;IKBKB;MUC20,Adjusted Degradation High vs Low,Higher in Degradation-High,C-type lectin receptors (CLRs),2026.1.Hs,-1.78991308513468,6.50575672975936e-5,7.7924508385339e-4,113,PSMA4;PSMC1;PSMD7;PSMD13;PSMA5;PSMA6;PSMB1;RELB;PSMA3;PSMC6;PSMD12;PSMB2;PSMD14;MAP3K7;PSMD11;TRAF6;RPS6KA5;NFKB2;CUL1;HRAS;PSMD6;UBA3;MUC12;PSMC2;CD209;MUC3A;NRAS;CALM1;MUC16;PSMD1;PSMB7;PSMC5;RELA;CHUK;NFKB1;PSMD3;ITPR3;PSMB5;CLEC7A;TAB3;PSMB6;LYN;PSMC3,Adjusted Sarcosine High vs Low,Sarcosine-Low,1.58619113048398,1.78991308513468,TRUE,FALSE,TRUE,TRUE,0.00861251350799489,1.58619113048398,CD209;CLEC7A;LYN;MUC12;NFKB1;NFKB2;RELB,7,66,0.10606060606060606
HALLMARK_COMPLEMENT,Hallmark,2.51060702970976,1.5014310956099398e-18,9.38394434756212e-18,177,PIK3CG;WAS;APOBEC3G;GZMK;LCK;RASGRP1;CCL5;PHEX;PIK3R5;LYN;PIM1;GZMA;PLEK;IRF1;GATA3;PSMB9;IRF2;LCP2;JAK2;ITGAM;RHOG;SPOCK2;C1QC;APOBEC3F;C1QA;LAP3;CD40LG;ERAP2;CTSH;SERPINA1;TNFAIP3;C3;IRF7;C1R;CTSS;CLU;CASP7;STX4;F5;FCER1G;CTSO;CASP10;C1S;GP1BA;CTSC;SERPING1;CR1;CASP5;CP;CR2;DOCK10;EHD1;SH2B3;ME1;USP15;GNAI2;OLR1;C2;AKAP10;CASP1;APOC1;KLKB1;F8;TFPI2;GZMB;GNG2;ZEB1;FCN1;PLAUR;CASP4;DPP4;PLSCR1;LIPA;CPM;TIMP1;CBLB;PDGFB;CA2;KYNU;GCA;GRB2;PLA2G7,Adjusted Degradation High vs Low,Higher in Degradation-High,"Genes encoding components of the complement system, which is part of the innate immune system.",2026.1.Hs,-1.42960385113232,0.00301915275025946,0.00922037953075744,184,CASP4;CASP7;XPNPEP1;GNAI3;PRDM4;PSEN1;LGALS3;CTSL;APOC1;RASGRP1;PLA2G7;RNF4;C2;DUSP5;TNFAIP3;MMP14;HSPA5;CTSB;F5;PREP;ACTN2;ADAM9;LGMN;USP14;ANXA5;USP8;CTSD;LAP3;PHEX;PLAUR;PLEK;PDGFB;LCP2;MAFF;GRB2;FN1;GZMB;CDH13;AKAP10;GMFB;CALM1;VCPIP1;IL6;SERPINE1,Adjusted Sarcosine High vs Low,Sarcosine-Low,2.51060702970976,1.42960385113232,TRUE,FALSE,TRUE,TRUE,0.00922037953075744,1.42960385113232,AKAP10;APOC1;C2;CASP4;CASP7;F5;GRB2;GZMB;LAP3;LCP2;PDGFB;PHEX;PLA2G7;PLAUR;PLEK;RASGRP1;TNFAIP3,17,109,0.1559633027522936
GOBP_REGULATION_OF_T_CELL_ACTIVATION,GO:BP,2.60787577003002,3.7233314958603195e-33,6.143496968169519e-31,334,SASH3;LGALS9;CORO1A;VAV1;FCHO1;TNFRSF1B;HLA-DOA;CYLD;HLA-DPB1;NOD2;NCKAP1L;PTPN22;CD74;PTPN6;IL18;LCK;CD4;SIRPG;RASGRP1;CD5;CCL5;CARD11;RAC2;DOCK8;NLRP3;CD3E;CD6;PTPRC;ICOS;HLA-DMA;RASAL3;CD2;CRTAM;IL12RB1;HLA-DPA1;HAVCR2;CCDC88B;CD27;IL2RG;TESPA1;PSMB10;HLA-DRA;LILRB4;HLA-DMB;HLA-DRB1;PDCD1;LYN;ADAM8;PRDM1;SYK;LAPTM5;IRF1;GATA3;PSMB9;ZAP70;CD1D;CD86;JAK3;GPR65;B2M;LILRB1;CD80;IL4I1;HLA-E;PRKCQ;SPN;SIT1;PDCD1LG2;PIK3R6;IL2RA;CD69;AIF1;JAK2;TNFSF8;ZC3H12A;TGFBR2;SOCS1;CD40LG;LAG3;TOX;LILRB2;TBX21;HLA-DQB2;FGL2;IDO1;CD300A;IL7;FOXP3;BTLA;IFNG;IL7R;BATF;VCAM1;CD274;HLA-A;PSMB8;TNFSF13B;CCR7;ZNF683;TCF7;CCL19;HLA-DQA1;CTLA4;HLA-DOB;LAX1;CD47;RIPK3;CCR2;MAP3K8;HLA-DQB1;VSIG4;CR1;TGFB1;BCL6;HLA-DRB5;PLA2G2D;CD28;CCL2,Adjusted Degradation High vs Low,Higher in Degradation-High,"Any process that modulates the frequency, rate or extent of T cell activation. [GOC:ai]",2026.1.Hs,-1.41721672132191,1.4756497960739e-4,0.0112415001464917,362,PSMA4;HAVCR2;VNN1;SLC7A1;TNFSF4;SHH;MDK;LGALS8;PSMA5;LGALS3;CD274;PNP;GPNMB;CBFB;PSMA6;PSMB1;TGFB1;CD300A;SH3RF1;TNFSF9;HLA-DRB5;PSMA3;RASGRP1;SFTPD;ABL2;HLA-DQB1;EPO;HLA-DQA1;PRKAR1A;CD80;ABL1;IL4I1;PSMB2;IL2RA;SOX4;YES1;HLA-A;SHB;FANCA;IGFBP2;ZBTB1;SMARCA4;BTN2A2;CGAS;CD276;BMP4;PHF10;TRAF6;HLA-DQB2;PAG1;RUNX1;ZC3H12A;FBXO38;CD70;CCL2;PSMB8;CD28;CD209;HES1;B2M;KLRK1;CDKN2A;IL6;PIK3R6;AKT1;HLA-DMB;RC3H2;PTPN22;TOX,Adjusted Sarcosine High vs Low,Sarcosine-Low,2.60787577003002,1.41721672132191,TRUE,FALSE,TRUE,TRUE,0.0112415001464917,1.41721672132191,B2M;CCL2;CD274;CD28;CD300A;CD80;HAVCR2;HLA-A;HLA-DMB;HLA-DQA1;HLA-DQB1;HLA-DQB2;HLA-DRB5;IL2RA;IL4I1;PIK3R6;PSMB8;PTPN22;RASGRP1;TGFB1;TOX;ZC3H12A,22,165,0.13333333333333333
REACTOME_SARS_COV_2_ACTIVATES_MODULATES_INNATE_AND_ADAPTIVE_IMMUNE_RESPONSES,Reactome,1.56978456933977,0.00447727747194176,0.0130168038861228,105,NOD2;PTPN6;NLRP3;TLR7;IKBKE;HLA-B;B2M;HLA-F;IFIH1;HLA-C;HLA-E;IL17RA;TLR1;IRF7;STAT1;RNF135;TLR8;IRAK2;HLA-A;JAK1;TRAF3;TLR2;TAB2;NOD1,Adjusted Degradation High vs Low,Higher in Degradation-High,SARS-CoV-2 activates/modulates innate and adaptive immune responses,2026.1.Hs,-1.62958852872843,0.001116464919497,0.00918739834517381,105,NUP58;HLA-C;HLA-B;G3BP2;RAE1;KPNA2;SFTPD;NUP54;BECN1;TRAF3;NUP153;NUP188;MAP3K7;IFNAR2;HLA-A;NUP93;NUP205;TRAF6;SEC23A;NUP88;TPR;NUP85;HLA-F;NUP98;IRAK2,Adjusted Sarcosine High vs Low,Sarcosine-Low,1.56978456933977,1.62958852872843,TRUE,FALSE,TRUE,TRUE,0.0130168038861228,1.56978456933977,HLA-A;HLA-B;HLA-C;HLA-F;IRAK2;TRAF3,6,43,0.13953488372093023
GOBP_REGULATION_OF_LYMPHOCYTE_ACTIVATION,GO:BP,2.59453270930995,6.27200601436688e-39,2.06976198474107e-36,443,INPP5D;LST1;SASH3;SPI1;LGALS9;CORO1A;VAV1;FCHO1;TNFRSF1B;HLA-DOA;CYLD;HLA-DPB1;NOD2;NCKAP1L;PTPN22;CD74;PTPN6;IL18;LCK;CD4;SIRPG;RASGRP1;CD5;BTK;CCL5;CARD11;RAC2;DOCK8;NLRP3;CD3E;CD6;PTPRC;ICOS;HLA-DMA;RASAL3;CD2;CRTAM;IL12RB1;HLA-DPA1;HAVCR2;CCDC88B;VAV3;CD27;IL2RG;TESPA1;PSMB10;HLA-DRA;CLEC7A;LILRB4;IL15RA;HLA-DMB;HLA-DRB1;PDCD1;LYN;SLAMF8;ADAM8;PRDM1;SYK;LAPTM5;IRF1;GATA3;PSMB9;ZAP70;CD1D;IKZF3;CD86;JAK3;GPR65;B2M;LILRB1;CD80;CD38;IL4I1;HLA-E;PRKCQ;SPN;SIT1;SAMSN1;PDCD1LG2;PIK3R6;ID2;IL2RA;GPR183;CD69;AIF1;JAK2;TNFSF8;AXL;MNDA;CD40;TBC1D10C;NFAM1;ZC3H12A;TGFBR2;SOCS1;EPHB2;TYROBP;CD40LG;LAG3;TOX;LILRB2;TBX21;HLA-DQB2;FGL2;IDO1;CD300A;TNFAIP3;IL7;FOXP3;BTLA;IFNG;IL7R;BATF;VCAM1;BANK1;CD274;HLA-A;FGR;PSMB8;TNFSF13B;CCR7;THEMIS2;ZNF683;TCF7;CCL19;HLA-DQA1;CTLA4;SH3KBP1;HLA-DOB;LAX1;CD47;RIPK3;FCRL3;CCR2;MAP3K8;CD19;HLA-DQB1;VSIG4;CR1;TGFB1;BCL6;HLA-DRB5;PLA2G2D;CD28;CCL2;TNFRSF13B;MIR185;CLEC12A;JUNB;TLR4;MERTK;HLA-DQA2;ZFP36L2;CD83;APLF;FCGR2B;SMARCA2;NFKBID;HFE;FCGR3A;CCL21;MYD88;ANXA1;CD22;IL1B;ZBTB1;VNN1;SLAMF1;MPL;SDC4;ZMIZ1;KLRC1;ZBTB16;ZEB1;CLCF1;SPTA1;TNFAIP8L2;TYK2;STAT5B;IL1RL2;TNFSF11;DPP4;GAS6;TNIP2;MICA;KLRC3;ZFP36L1;EFNB2;PRKCZ;IL27RA;PTPN2;NCK1;MZB1,Adjusted Degradation High vs Low,Higher in Degradation-High,"Any process that modulates the frequency, rate or extent of lymphocyte activation. [GOC:ai]",2026.1.Hs,-1.35665359233482,2.0506509997866e-4,0.0141444583016136,475,PSMA4;HAVCR2;VNN1;SLC7A1;TNFSF4;SHH;MDK;CUL4A;LGALS8;PSMA5;LGALS3;CD274;PNP;GPNMB;CBFB;PSMA6;PSMB1;TGFB1;CD300A;SH3RF1;TNFSF9;HLA-DRB5;PSMA3;DDRGK1;RASGRP1;SFTPD;ABL2;INHA;HLA-DQB1;EPO;HLA-DQA1;PRKAR1A;CD80;IL15RA;TNFAIP3;MMP14;ABL1;TNFRSF4;IL4I1;NSD2;PSMB2;IL2RA;KLRC2;SLC15A4;SOX4;YES1;HLA-A;SHB;FANCA;IGFBP2;ZBTB1;SMARCA4;BTN2A2;CLCF1;CGAS;PCID2;CD276;BMP4;PHF10;TRAF6;SUPT6H;PRKDC;HLA-DQB2;XRCC6;HMGB3;PAG1;RUNX1;AKIRIN2;SOX11;ZC3H12A;PPP2R3C;FBXO38;CD70,Adjusted Sarcosine High vs Low,Sarcosine-Low,2.59453270930995,1.35665359233482,TRUE,FALSE,TRUE,TRUE,0.0141444583016136,1.35665359233482,CD274;CD300A;CD80;CLCF1;HAVCR2;HLA-A;HLA-DQA1;HLA-DQB1;HLA-DQB2;HLA-DRB5;IL15RA;IL2RA;IL4I1;RASGRP1;TGFB1;TNFAIP3;VNN1;ZBTB1;ZC3H12A,19,247,0.07692307692307693
REACTOME_INTERLEUKIN_1_FAMILY_SIGNALING,Reactome,1.7134953401834,2.3047990110208e-4,0.00101509233038577,125,PTPN7;NOD2;NLRC5;ALPK1;PTPN6;IL18;NFKB2;ALOX5;NFKBIA;SIGIRR;CASP8;NFKB1;IRAK2;IL18BP;IL18RAP;MAP3K8;IL18R1;TAB2;NOD1;USP18;GSDMD;SMAD3;IRAK4;STAT3;CASP1;MYD88;IL1R1;IL33;IL1B;IRAK3;IL1RL2;IL1R2;UBC;TNIP2;IL37,Adjusted Degradation High vs Low,Higher in Degradation-High,Interleukin-1 family signaling,2026.1.Hs,-1.52251037424963,0.00205775430413609,0.0147883942657247,129,PSMA4;PSMC1;PSMD7;PSMD13;PSMA5;PSMA6;PSMB1;MAP2K1;PSMA3;PSMC6;PSMD12;PSMB2;PSMD14;MAP3K7;PSMD11;TRAF2;SMAD3;USP14;TRAF6;NFKB2;CUL1;IRAK2;STAT3;PSMD6;PSMC2;N4BP1;IL1RN;IL18BP;PTPN12;HMGB1;PSMD1;TBK1;PSMB7;PSMC5;TP53;NLRC5;RELA;CHUK;NFKB1;PSMD3;TNIP2;PSMB5;IL1RL2;MAPK8;TAB3;CASP1;PSMB6;PSMC3,Adjusted Sarcosine High vs Low,Sarcosine-Low,1.7134953401834,1.52251037424963,TRUE,FALSE,TRUE,TRUE,0.0147883942657247,1.52251037424963,CASP1;IL18BP;IL1RL2;IRAK2;NFKB1;NFKB2;NLRC5;SMAD3;STAT3;TNIP2,10,73,0.136986301369863
REACTOME_FC_EPSILON_RECEPTOR_FCERI_SIGNALING,Reactome,2.41972419687454,1.7295805485041502e-15,3.5100311131407804e-14,166,VAV1;RASGRP1;BTK;CARD11;LAT2;ITK;VAV3;PLCG2;LYN;SYK;NFKBIA;GRAP2;PRKCQ;TEC;LCP2;TXK;IGKV5-2;IGHV3-13;NFKB1;IGHV3-48;RASGRP2;IGLV1-40;FCER1G;IGLV3-25;IGHV1-46;IGHV3-53;IGLV1-47;IGHV3-7;IGLV2-23;IGLV3-1;IGKV1-17;IGLC3;ITPR1;IGHV4-34;IGLV3-27;IGLV2-14;IGKV4-1;IGKV1-39;MAPK10;IGKV3-11;IGLV1-44;TAB2;IGKV1-16;IGKV1-12;IGKV1D-39;IGLV2-11;IGLV3-21;IGLV2-8;IGKV3-15;IGKV3-20;IGHV3-33;IGKV2-28;IGLV3-19;IGHV3-11;IGKV2D-40;MAPK3;IGLC2;IGKV1-5;JUN;IGLV6-57;IGKV3D-20;IGHV2-70;IGKV1-33;IGHV1-2;PIK3R1;IGHV3-23;IGHV2-5;IGHV3-30;IGHV4-59;IGKV1D-12;IGLV7-43;UBC;IGHV1-69;IGLV1-51;IGHV4-39;IGKV2-30;NFATC3;MALT1;IGKV1D-33;IKBKB,Adjusted Degradation High vs Low,Higher in Degradation-High,Fc epsilon receptor (FCERI) signaling,2026.1.Hs,-1.54897800213959,0.0020810998297282,0.0148571232877284,116,PSMA4;PSMC1;PSMD7;PSMD13;PSMA5;PSMA6;PSMB1;PSMA3;RASGRP1;PSMC6;PSMD12;PSMB2;PSMD14;MAP3K7;PSMD11;TEC;TRAF6;CUL1;HRAS;LCP2;PSMD6;GRB2;PSMC2;NRAS;CALM1;PSMD1;PSMB7;PSMC5;RELA;CHUK;NFKB1;PSMD3;GRAP2;ITPR3;PSMB5;VAV2;MAPK8;TAB3;PSMB6;LYN;PSMC3,Adjusted Sarcosine High vs Low,Sarcosine-Low,2.41972419687454,1.54897800213959,TRUE,FALSE,TRUE,TRUE,0.0148571232877284,1.54897800213959,GRAP2;LCP2;LYN;NFKB1;RASGRP1;TEC,6,115,0.05217391304347826
GOBP_POSITIVE_REGULATION_OF_HEMOPOIESIS,GO:BP,2.45247056572077,4.76150119985698e-17,1.63058956183781e-15,169,INPP5D;SASH3;SPI1;LGALS9;HCLS1;CYLD;NCKAP1L;CD74;IL18;LCK;CD4;RASGRP1;BTK;NLRP3;CSF1;PTPRC;IL2RB;IL12RB1;CD27;IL2RG;TESPA1;HLA-DRA;LILRB4;IL15RA;HLA-DRB1;ADAM8;SYK;IL4R;GATA3;ZAP70;CD86;GPR65;CD80;IL4I1;PIK3R6;ID2;IL2RA;EVI2B;AXL;TGFBR2;SOCS1;TYROBP;TOX;LILRB2;CASP8;IL7;FOXP3;IFNG;IL7R;TREM2;CCL19;TNFRSF11A;CCR1;CR1;TGFB1;BCL6;TNF;CD83;SMARCA2;NFKBID;FES;ANXA1;ZBTB1;VNN1;ZMIZ1;ZBTB16;STAT5B;IL1RL2;TNFSF11;GAS6;ZFP36L1;PRKCZ,Adjusted Degradation High vs Low,Higher in Degradation-High,"Any process that activates or increases the frequency, rate or extent of hemopoiesis. [GO_REF:0000058, GOC:pad, GOC:PARL, GOC:TermGenie, PMID:20080761]",2026.1.Hs,-1.56034775220143,2.275010127353e-4,0.014940540646703,178,VNN1;TNFSF4;SHH;MDK;LGALS3;PNP;CBFB;RIPK1;TGFB1;TNFSF9;DDRGK1;RASGRP1;CD80;IL15RA;DCSTAMP;MMP14;IL4I1;IL2RA;SOX4;CCR1;SHB;ZBTB1;SMARCA4;BTN2A2;LIF;PCID2;PHF10;TRAF6;PRKDC;XRCC6;RUNX1;ACIN1;PPP2R3C;SLC9B2,Adjusted Sarcosine High vs Low,Sarcosine-Low,2.45247056572077,1.56034775220143,TRUE,FALSE,TRUE,TRUE,0.014940540646703,1.56034775220143,CCR1;CD80;IL15RA;IL2RA;IL4I1;RASGRP1;TGFB1;VNN1;ZBTB1,9,97,0.09278350515463918
GOBP_CD8_POSITIVE_ALPHA_BETA_T_CELL_DIFFERENTIATION,GO:BP,1.93312734305223,2.4582808103597e-4,0.00124630717061534,25,NCKAP1L;PSMB10;LILRB4;IRF1;PSMB9;TNFSF8;SOCS1;TOX,Adjusted Degradation High vs Low,Higher in Degradation-High,"The process in which a relatively unspecialized T cell acquires specialized features of a mature CD8-positive, alpha-beta T cell. [ISBN:0781735149]",2026.1.Hs,-2.03761120021797,2.3220584647967e-4,0.014991052021035,27,PSMA4;PSMA5;CBFB;PSMA6;PSMB1;PSMA3;PSMB2;RUNX1;TOX;PSMB9,Adjusted Sarcosine High vs Low,Sarcosine-Low,1.93312734305223,2.03761120021797,TRUE,FALSE,TRUE,TRUE,0.014991052021035,1.93312734305223,PSMB9;TOX,2,16,0.125
GOBP_ANTIGEN_PROCESSING_AND_PRESENTATION,GO:BP,2.91035320045461,9.72122436898213e-25,7.201641726409209e-23,101,WAS;HLA-DOA;HLA-DPB1;NOD2;CD74;RELB;WDFY4;CD8A;HLA-DMA;HLA-DPA1;PSMB10;HLA-DRA;HLA-DMB;HLA-DRB1;HLA-B;CST7;CD1D;B2M;HLA-F;HLA-C;ERAP1;HLA-E;PSME1;CD1E;RFTN1;MPEG1;ERAP2;TAPBPL;CLEC4A;CTSH;LILRB2;HLA-DQB2;FGL2;CD1C;UNC93B1;TAPBP;CTSS;TAP1;MR1;HLA-A;PSMB8;FCER1G;CCR7;TREM2;CCL19;HLA-DQA1;HLA-DOB;FCGR1A;HLA-DQB1;KDM5D;HLA-DRB5;NOD1;ABCC1;RAB35;LNPEP;HLA-DQA2;FCGR2B;DNM2;HFE;MFSD6;CCL21;RAB8B;FCER2,Adjusted Degradation High vs Low,Higher in Degradation-High,"The process in which an antigen-presenting cell expresses antigen (peptide or lipid) on its cell surface in association with an MHC protein complex. [GO_REF:0000022, GOC:add, ISBN:0781735149, PMID:15771591, PMID:15928678]",2026.1.Hs,-1.66119104559621,3.2287138509554e-4,0.0186335925125593,105,HLA-C;CTSL;YTHDF1;HLA-B;RAB3B;RELB;HLA-DRB5;HLA-DQB1;HLA-DQA1;TAP1;THBS1;ULBP2;HLA-A;ATG5;EXT1;LGMN;TRAF6;PDIA3;HLA-DQB2;CTSD;HLA-F;RAB32;RAB10;RFTN1;PSMB8;ARL8B;CD209;B2M;TAPBP;CTSF;CALR;HLA-DMB;ERAP1;RAB27A,Adjusted Sarcosine High vs Low,Sarcosine-Low,2.91035320045461,1.66119104559621,TRUE,FALSE,TRUE,TRUE,0.0186335925125593,1.66119104559621,B2M;ERAP1;HLA-A;HLA-B;HLA-C;HLA-DMB;HLA-DQA1;HLA-DQB1;HLA-DQB2;HLA-DRB5;HLA-F;PSMB8;RELB;RFTN1;TAP1;TAPBP,16,81,0.19753086419753085
REACTOME_INTERFERON_ALPHA_BETA_SIGNALING,Reactome,2.47130712264498,2.89375455420462e-11,3.79118476405289e-10,64,IRF8;PTPN6;SAMHD1;IRF5;HLA-B;IRF1;OAS3;IRF2;OASL;GBP2;HLA-F;HLA-C;HLA-E;OAS2;RSAD2;XAF1;IFI35;IFIT2;OAS1;SOCS1;IFIT5;IRF7;STAT1;MX2;IFIT3;HLA-A;PSMB8;JAK1;RNASEL;MX1;USP18;IFIT1;BST2;IFI27;IFITM1;IRF9;IRF3;ISG15;TYK2;UBC;IFI6;IFITM3,Adjusted Degradation High vs Low,Higher in Degradation-High,Interferon alpha/beta signaling,2026.1.Hs,-1.65670061841537,0.0029771161964008,0.0196891488326384,63,IFIT3;KPNB1;HLA-C;HLA-B;ISG20;IFIT2;GBP2;IFIT5;IFNAR2;HLA-A;IRF8;IFI27;HLA-F;PSMB8;STAT1;IFITM1;OASL;PTPN1;ABCE1;IRF1,Adjusted Sarcosine High vs Low,Sarcosine-Low,2.47130712264498,1.65670061841537,TRUE,FALSE,TRUE,TRUE,0.0196891488326384,1.65670061841537,GBP2;HLA-A;HLA-B;HLA-C;HLA-F;IFI27;IFIT2;IFIT3;IFIT5;IFITM1;IRF1;IRF8;OASL;PSMB8;STAT1,15,47,0.3191489361702128
GOBP_VIRAL_LIFE_CYCLE,GO:BP,1.6860269284095,2.25313365485735e-5,1.3909651644782e-4,245,LGALS9;APOBEC3G;TNIP1;APOBEC3H;TRIM21;CD4;GRK2;APOBEC3D;CCL5;CCR5;SELPLG;IL32;OAS3;OASL;CD86;HAVCR1;CD80;IFIH1;OAS2;FAM111A;RSAD2;CH25H;SIGLEC1;AXL;OAS1;ZC3H12A;APOBEC3F;ATG16L2;ITGB7;VAMP8;IFIT5;CXCR4;ZNFX1;RNASEL;DYNLT1;CLEC5A;MX1;CXCR6;CR1;CD28;CR2;CCL2;TNF;LAMP3;SMPD1;IFIT1;CCL8;BST2;TPCN1;TRIM38;ATG16L1;APOE;ZC3HAV1;IFITM1;CXADR;SLAMF1;APOBEC3A;ISG15;DPP4;PLSCR1;NRP1;GAS6;TRIM5;EFNB2;MRC1;CHMP7;IFITM3;ITGA5;CD209;CHMP1A;NMT2;ANPEP;LDLR;ISG20;ICAM1;MYH9;N4BP1;EPS15;CAV2;LTF;NECTIN3;NCAM1;APOBEC3C;ADAR;SMC5;NECTIN4;MOG;EGFR;EIF2AK2;GBP7;NEDD4;CTSB;CBL,Adjusted Degradation High vs Low,Higher in Degradation-High,"A set of processes which all viruses follow to ensure survival; includes attachment and entry of the virus particle, decoding of genome information, translation of viral mRNA by host ribosomes, genome replication, and assembly and release of viral particles containing the genome. [ISBN:1555811272]",2026.1.Hs,-1.43952491853253,4.4572670659748e-4,0.0222991257044555,266,DYNLT1;NPC1;ITGB3;SLC7A1;SRPK1;SLC3A2;CTSL;KPNA3;ISG20;KPNA2;CTBP2;CD80;CHMP1B;CTSB;PVR;TNFRSF4;IFIT5;MRC1;ITGB1;NUP153;ATG5;PPIH;ZC3HAV1;DDX56;CAV2;NCAM1;VCP;BICD1;HMGA2;CHMP5;RNASEK;CCL8;VPS4B;ZC3H12A;VPS18;DDX6;SRPK2;CXADR;TRIM21;CCL2;NRP1;CDK1;CHMP4A;TRIM38;CCNK;CD28;ARL8B;CD209;LAMP1;APOE;APOBEC3C;ZNFX1;N4BP1;VPS37A;ITGA5;HACD3;APOBEC3A;LDLR;VAPA;LAMP3;VAPB;TOP2A;HMGB1;TNFRSF14;ICAM1;DPP4;TRIM25;IFITM1;KPNA6;LGALS9;CXCL8;IFI16;SCARB2;CD86;OASL;TFRC;ZNF502;SMC5,Adjusted Sarcosine High vs Low,Sarcosine-Low,1.6860269284095,1.43952491853253,TRUE,FALSE,TRUE,TRUE,0.0222991257044555,1.43952491853253,APOBEC3A;APOBEC3C;APOE;CAV2;CCL2;CCL8;CD209;CD28;CD80;CD86;CTSB;CXADR;DPP4;DYNLT1;ICAM1;IFIT5;IFITM1;ISG20;ITGA5;LAMP3;LDLR;LGALS9;MRC1;N4BP1;NCAM1;NRP1;OASL;SMC5;TRIM21;TRIM38;ZC3H12A;ZC3HAV1;ZNFX1,33,138,0.2391304347826087
GOBP_REGULATION_OF_LEUKOCYTE_DIFFERENTIATION,GO:BP,2.51593542818933,1.4792411021169898e-26,1.24875469783365e-24,294,INPP5D;SASH3;SPI1;LGALS9;HCLS1;HLA-DOA;CYLD;NCKAP1L;TMEM176B;CD74;PTPN6;IL18;LCK;CD4;RASGRP1;BTK;CARD11;NLRP3;CSF1;PTPRC;IL2RB;CD2;CRTAM;IL12RB1;CD27;IL2RG;TESPA1;PSMB10;HLA-DRA;LILRB4;IL15RA;HLA-DRB1;LYN;SLAMF8;ADAM8;PRDM1;SYK;HLA-B;IL4R;TMEM176A;IRF1;GATA3;PSMB9;ZAP70;IKZF3;CD86;JAK3;GPR65;TLR3;LILRB1;CD80;IL4I1;PIK3R6;ID2;IL2RA;CD69;EVI2B;MAFB;AXL;NFAM1;ZC3H12A;C1QC;TGFBR2;SOCS1;TYROBP;LAG3;TOX;LILRB2;TBX21;FGL2;CASP8;IL7;IRF7;FOXP3;IFNG;IL7R;BATF;PSMB8;TREM2;ZNF683;TCF7;CCL19;CTLA4;FOXP1;FCRL3;CCR2;TNFRSF11A;CCR1;CR1;TGFB1;BCL6;CD28;TNF;CLEC12A;UBASH3B;JUNB;TLR4;ZFP36L2;CD83;FCGR2B;SMARCA2;NFKBID;FES;ANXA1;PIK3R1;FBXW7;ZBTB1;VNN1;CCL3;ZMIZ1;ZBTB16;ZEB1;TFE3;LILRB3;STAT5B;IL1RL2;TNFSF11;GAS6;TMEM178A;ZFP36L1;PRKCZ,Adjusted Degradation High vs Low,Higher in Degradation-High,"Any process that modulates the frequency, rate or extent of leukocyte differentiation. [GOC:add, GOC:TermGenie]",2026.1.Hs,-1.39090598893894,4.5078306097219e-4,0.0222991257044555,311,PSMA4;VNN1;TNFSF4;SHH;MDK;CUL4A;PSMA5;LGALS3;PNP;CBFB;PSMA6;RIPK1;HLA-B;PSMB1;TGFB1;SH3RF1;TNFSF9;PSMA3;DDRGK1;RASGRP1;INHA;CD80;IL15RA;DCSTAMP;MMP14;ABL1;IL4I1;PSMB2;IL2RA;SOX4;CCR1;SHB;FANCA;ZBTB1;SMARCA4;BTN2A2;LIF;PCID2;BMP4;PHF10;TRAF6;PRKDC;XRCC6;HMGB3;RUNX1;ACIN1;ZC3H12A;PPP2R3C;SLC9B2;PSMB8;CD28;ERFE;RASSF2;INHBA,Adjusted Sarcosine High vs Low,Sarcosine-Low,2.51593542818933,1.39090598893894,TRUE,FALSE,TRUE,TRUE,0.0222991257044555,1.39090598893894,CCR1;CD28;CD80;HLA-B;IL15RA;IL2RA;IL4I1;PSMB8;RASGRP1;TGFB1;VNN1;ZBTB1;ZC3H12A,13,162,0.08024691358024691
GOBP_VIRAL_PROCESS,GO:BP,1.58854453629758,4.58145024936572e-5,2.6737402580703e-4,323,LGALS9;APOBEC3G;TNIP1;APOBEC3H;TRIM21;SP100;TRIM14;CD4;GRK2;APOBEC3D;CCL5;CCR5;SELPLG;IL32;OAS3;OASL;CD86;HAVCR1;CD80;IFIH1;OAS2;FAM111A;RSAD2;CH25H;SIGLEC1;AXL;OAS1;PARP9;ZC3H12A;APOBEC3F;ATG16L2;ITGB7;TRIM8;VAMP8;IFIT5;IRF7;STAT1;CXCR4;MGAT4A;ZNFX1;ZFP36;RNASEL;DYNLT1;PARP10;CLEC5A;MX1;CXCR6;CALCOCO2;CR1;CD28;CR2;CCL2;TNF;LAMP3;MAN2A1;SMPD1;IFIT1;CCL8;BST2;TPCN1;TRIM38;MDFIC;JUN;ATG16L1;FUT8;APOE;ST6GAL1;ZC3HAV1;IFITM1;CXADR;SLAMF1;APOBEC3A;PTX3;PARP16;ISG15;DPP4;PLSCR1;NRP1;GAS6;TRIM5;HCFC2;EFNB2;USF1;MRC1;CHMP7;IFITM3;ITGA5;MGAT1;CD209;ST6GALNAC4;CHMP1A,Adjusted Degradation High vs Low,Higher in Degradation-High,"A multi-organism process in which a virus is a participant. The other participant is the host. Includes infection of a host cell, replication of the viral genome, and assembly of progeny virus particles. In some cases the viral genetic material may integrate into the host genome and only subsequently, under particular circumstances, 'complete' its life cycle. [GOC:bf, GOC:jl, GOC:mah]",2026.1.Hs,-1.34102704911274,6.3677993497715e-4,0.0282267876005101,348,DYNLT1;NPC1;ITGB3;SLC7A1;SRPK1;SLC3A2;CTSL;GALNT1;KPNA3;ISG20;EIF3A;MAN1B1;GTF2B;KPNA2;TRIM27;CTBP2;CD80;LIG4;CHMP1B;CTSB;PVR;TNFRSF4;IFIT5;MRC1;ITGB1;NUP153;ATG5;PPIH;ZC3HAV1;DDX56;CAV2;NCAM1;VCP;EIF3D;BICD1;HMGA2;CHMP5;RNASEK;CCL8;ST3GAL1;VPS4B;ZC3H12A;VPS18;DDX6;SRPK2;CXADR;ST3GAL3;TRIM21;MGAT2;CCL2;NRP1;CDK1;CHMP4A;TRIM38;CCNK;CD28;ARL8B;CD209;LAMP1;APOE;APOBEC3C;ZNFX1;N4BP1;VPS37A;TRIM14;ITGA5;STAT1;HACD3;APOBEC3A;LDLR;VAPA;LAMP3;VAPB;TOP2A;HMGB1;TNFRSF14;APCS;ATP7B;ICAM1;DPP4;TP53;TRIM25;IFITM1;KPNA6;LGALS9;CXCL8;IFI16;SCARB2;CD86;OASL;TFRC;ZNF502;SMC5,Adjusted Sarcosine High vs Low,Sarcosine-Low,1.58854453629758,1.34102704911274,TRUE,FALSE,TRUE,TRUE,0.0282267876005101,1.34102704911274,APOBEC3A;APOE;CCL2;CCL8;CD209;CD28;CD80;CD86;CXADR;DPP4;DYNLT1;IFIT5;IFITM1;ITGA5;LAMP3;LGALS9;MRC1;NRP1;OASL;STAT1;TRIM14;TRIM21;TRIM38;ZC3H12A;ZC3HAV1;ZNFX1,26,158,0.16455696202531644
GOBP_NEGATIVE_REGULATION_OF_CELL_ADHESION,GO:BP,1.92683428584284,6.16592190358198e-9,7.6950112872108e-8,259,SPI1;SEMA4D;LGALS9;PTPN22;CD74;PTPN6;AKNA;PTPRC;CRTAM;HAVCR2;PSMB10;LILRB4;HLA-DRB1;PDCD1;LAPTM5;IRF1;PSMB9;CD86;JAK3;LILRB1;CD80;GBP1;IL4I1;HLA-E;SPN;PDCD1LG2;IL2RA;CD69;ADAMDEC1;JAK2;PTPRO;ZC3H12A;SOCS1;EPHB2;LAG3;LILRB2;TBX21;FGL2;IDO1;CD300A;FOXP3;BTLA;CXCL12;CD274;PSMB8;CTLA4;LAX1;SPINT2;SIPA1;VSIG4;CR1;TGFB1;BCL6;PLA2G2D;LPXN;SH2B3;UBASH3B;CYP1B1;PLXND1;HFE;CCL21;ANXA1;PIK3R1;ACVRL1;SDC4;DAB1;THBS1;TNFAIP8L2,Adjusted Degradation High vs Low,Higher in Degradation-High,"Any process that stops, prevents, or reduces the frequency, rate or extent of cell adhesion. [GOC:go_curators]",2026.1.Hs,-1.41888498096351,6.4471791053934e-4,0.0282267876005101,274,PSMA4;GTPBP4;HAVCR2;TNFSF4;SHH;MDK;PSMA5;SEMA4D;LGALS3;CD274;GPNMB;CBFB;PSMA6;PSMB1;TGFB1;CD300A;MAP2K1;PSMA3;SFTPD;PRKAR1A;CD80;MMP14;CASK;ABL1;MAP4K4;GBP1;IL4I1;LAMB1;THBS1;PSMB2;IL2RA;SPRY4;BTN2A2;ADAM10;BMP4;TMX1;PAG1;RUNX1;ZC3H12A;NEXMIF;COL1A1;RASA1;PSMB8;CDH13;ADTRP;CDKN2A;VEGFA;YTHDF2;IL1RN;CORO1C;SERPINE1;AKT1;RC3H2;PTPN22;PSMB9;HMGB1;SH2B3,Adjusted Sarcosine High vs Low,Sarcosine-Low,1.92683428584284,1.41888498096351,TRUE,FALSE,TRUE,TRUE,0.0282267876005101,1.41888498096351,CD274;CD300A;CD80;GBP1;HAVCR2;IL2RA;IL4I1;PSMB8;PSMB9;PTPN22;SEMA4D;SH2B3;TGFB1;THBS1;ZC3H12A,15,110,0.13636363636363635
GOBP_CD8_POSITIVE_ALPHA_BETA_T_CELL_ACTIVATION,GO:BP,2.29594057956572,1.51386126633523e-7,1.41631865896827e-6,37,NCKAP1L;WDFY4;CRTAM;PSMB10;LILRB4;IRF1;PSMB9;LILRB1;HLA-E;TNFSF8;SOCS1;TOX;CLEC4A;CD274;HLA-A,Adjusted Degradation High vs Low,Higher in Degradation-High,"The change in morphology and behavior of a CD8-positive, alpha-beta T cell resulting from exposure to a mitogen, cytokine, chemokine, cellular ligand, or an antigen for which it is specific. [CL:0000625, GOC:yaf]",2026.1.Hs,-1.90678710291666,6.2243702401874e-4,0.0282267876005101,38,PSMA4;PSMA5;CD274;CBFB;PSMA6;PSMB1;SH3RF1;PSMA3;PSMB2;HLA-A;RUNX1,Adjusted Sarcosine High vs Low,Sarcosine-Low,2.29594057956572,1.90678710291666,TRUE,FALSE,TRUE,TRUE,0.0282267876005101,1.90678710291666,CD274;HLA-A,2,24,0.08333333333333333
REACTOME_CO_INHIBITION_BY_PD_1,Reactome,1.46644586861551,0.0121047989276326,0.0304828878104616,153,HLA-DPB1;PTPN6;NFKB2;LCK;CD4;CD3E;HLA-DPA1;CD3G;HLA-DRA;CD247;HLA-DRB1;PDCD1;CD3D;IRF1;PRKAG2;TRAV8-4;PDCD1LG2;TRAV19;HLA-DQB2;STAT1;NFKB1;CD274;JAK1;TCF7;HLA-DQA1;TRBV7-9;HLA-DQB1;HLA-DRB5,Adjusted Degradation High vs Low,Higher in Degradation-High,Co-inhibition by PD-1,2026.1.Hs,-1.5285393833191,0.00156592546194801,0.0120576260569997,152,PSMA4;PSMC1;PSMD7;PSMD13;PSMA5;HIF1A;CD274;PSMA6;PSMB1;HLA-DRB5;PSMA3;HLA-DQB1;HLA-DQA1;PSMC6;PSMD12;PSMB2;CSNK2A2;PSMD14;EZH2;PSMD11;VCP;HLA-DQB2;NFKB2;CUL1;SUZ12;CSNK2A1;TEAD4;ATF3;STAT3;PSMD6;PSMC2;STAT1;AGO2;DERL1;PSMD1;PSMB7;COPS5;HLA-DRB1;KMT2A;PSMC5;YWHAG;RELA;NFKB1;PSMD3;IRF1;PSMB5;SEL1L;HLA-DRA;STT3B;PSMB6;PSMC3,Adjusted Sarcosine High vs Low,Sarcosine-Low,1.46644586861551,1.5285393833191,TRUE,FALSE,TRUE,TRUE,0.0304828878104616,1.46644586861551,CD274;HLA-DQA1;HLA-DQB1;HLA-DQB2;HLA-DRA;HLA-DRB1;HLA-DRB5;IRF1;NFKB1;NFKB2;STAT1,11,68,0.16176470588235295
HALLMARK_HYPOXIA,Hallmark,1.42113358563703,0.0193287422569339,0.0345823881653894,173,AMPD3;PIM1;FBP1;PFKFB3;SLC6A6;MT1E;NAGK;TNFAIP3;SLC2A5;CXCR4;LXN;PLAC8;ZFP36;GPC1;FOSL2;NR3C1;CITED2;CASP6;CDKN1B;CP;GLRX;GAA;RORA;ADM;PAM;JUN;IDS;TGM2;MT2A;PFKP;SDC4;PNRC1;BTG1;PLAUR;S100A4;HK1;DUSP1;KLF6;PDGFB;ZNF292;TIPARP;HMOX1;FOS;ISG20;ATF3;DDIT4;ALDOC;MYH9;ADORA2B;PHKG1;PLIN2;DCN;PFKL;ANXA2;SULT2B1;EGFR,Adjusted Degradation High vs Low,Higher in Degradation-High,Genes up-regulated in response to low oxygen levels (hypoxia).,2026.1.Hs,-1.69900892484709,1.30187151716653e-5,7.23261953981407e-5,187,SLC2A1;SLC6A6;PFKFB3;VLDLR;JMJD6;XPNPEP1;STC2;ZNF292;PFKP;HOXB9;ISG20;AMPD3;HK1;P4HA1;SLC2A3;INHA;NOCT;TNFAIP3;RRAGD;HSPA5;ENO2;HEXA;ADM;WSB1;BHLHE40;EXT1;COL5A1;TGM2;ERO1A;PKP1;ANXA2;PPARGC1A;PGM2;ALDOB;PLAUR;PDGFB;NDRG1;ATF3;HMOX1;ACKR3;NFIL3;CDKN1A;MAFF;ADORA2B;PPFIA4;VEGFA;B3GALT6;IL6;LDHA;SERPINE1;ETS1;GBE1;TPBG;KLF6;PGF;GPI;ENO1;FOSL2;IGFBP1;PAM,Adjusted Sarcosine High vs Low,Sarcosine-Low,1.42113358563703,1.69900892484709,TRUE,FALSE,TRUE,TRUE,0.0345823881653894,1.42113358563703,ADM;ADORA2B;AMPD3;ANXA2;ATF3;FOSL2;HK1;HMOX1;ISG20;KLF6;PAM;PDGFB;PFKFB3;PFKP;PLAUR;SLC6A6;TGM2;TNFAIP3;ZNF292,19,97,0.1958762886597938
HALLMARK_P53_PATHWAY,Hallmark,1.40601460931343,0.0193661373726181,0.0345823881653894,181,DEF6;TRAFD1;PTPRE;CD82;SOCS1;VAMP8;TAP1;TXNIP;ST14;DGKA;ABAT;GPX2;CCND2;RALGDS;GM2A;CYFIP2;TSPYL2;TGFB1;RHBDF2;FAS;TCHH;CASP1;JUN;DRAM1;ERCC5;STEAP3;RGS16;PLK3;MKNK2;ALOX15B;CCND3;FBXW7;VDR;ZBTB16;ZNF365;PRMT2;RXRA;BTG1;TP63;BTG2;SAT1;S100A4;ISCU;FUCA1;ZFP36L1;MXD4;MXD1;VWA5A;EPHX1;PROCR;HMOX1;FOS;MAPKAPK3;CTSD;ATF3;DDIT4;RAB40C;KLF4;IL1A;SESN1;DDB2,Adjusted Degradation High vs Low,Higher in Degradation-High,Genes involved in p53 pathways and networks.,2026.1.Hs,-1.38508467484332,0.00504120213281629,0.0132663214021481,188,UPP1;RPS27L;PTPRE;PDGFA;SLC3A2;PERP;RRAD;OSGIN1;TGFB1;KRT17;TRIB3;TNFSF9;TAX1BP3;TAP1;RRP8;SLC7A11;AEN;NOL8;RALGDS;DNTTIP2;DRAM1;LIF;SPHK1;CDKN2B;CTSD;HRAS;GM2A;NDRG1;ATF3;HMOX1;NUPR1;RAP2B;CCNK;CDKN1A;ERCC5;CDH13;PLK2;CTSF;CDKN2A;CCND2;FUCA1;BAX;INHBB;DCXR;SAT1;MDM2;TP53;PCNA;TRIAP1;SLC19A2;HBEGF;NINJ1;BMP2;S100A10;STOM;IER3;CASP1;EI24;DDIT3,Adjusted Sarcosine High vs Low,Sarcosine-Low,1.40601460931343,1.38508467484332,TRUE,FALSE,TRUE,TRUE,0.0345823881653894,1.38508467484332,ATF3;CASP1;CCND2;CTSD;DRAM1;ERCC5;FUCA1;GM2A;HMOX1;PTPRE;RALGDS;SAT1;TAP1;TGFB1,14,106,0.1320754716981132
GOBP_NATURAL_KILLER_CELL_MEDIATED_IMMUNITY,GO:BP,2.60036925752514,3.10135303533417e-14,8.40142650616645e-13,74,INPP5D;LGALS9;CORO1A;VAV1;PTPN6;IL18;RASGRP1;SH2D1A;CD96;CD2;CRTAM;UNC13D;HAVCR2;SLAMF6;HLA-B;ARRB2;B2M;HLA-F;LILRB1;HLA-C;HLA-E;PIK3R6;NKG7;CD226;TYROBP;LAG3;SERPINB9;HLA-A;HCST;KIR2DL4;IL18RAP;TGFB1;NCR1;KLRB1;FCGR3A;PIK3R1;GZMB;KLRC1;STAT5B;MICA;KLRC3,Adjusted Degradation High vs Low,Higher in Degradation-High,"The promotion of an immune response by natural killer cells through direct recognition of target cells or through the release of cytokines. [GO_REF:0000022, GOC:add, ISBN:0781735149]",2026.1.Hs,-1.6880108278521,0.00104020387996047,0.0388798638745433,85,HAVCR2;HLA-C;HLA-B;TGFB1;RASGRP1;KIF5B;PVR;KLRC2;ULBP2;HLA-A;TUBB;KLRC4;HLA-F;SERPINB9;GRB2;GZMB;ARL8B;LAMP1;B2M;KLRK1;TUBB4B;PIK3R6;RAB27A,Adjusted Sarcosine High vs Low,Sarcosine-Low,2.60036925752514,1.6880108278521,TRUE,FALSE,TRUE,TRUE,0.0388798638745433,1.6880108278521,B2M;GZMB;HAVCR2;HLA-A;HLA-B;HLA-C;HLA-F;PIK3R6;RASGRP1;SERPINB9;TGFB1,11,53,0.20754716981132076
GOBP_T_CELL_DIFFERENTIATION_IN_THYMUS,GO:BP,2.22227181126896,1.36704925181897e-8,1.60077057551705e-7,79,CD74;DOCK2;RASGRP1;CARD11;CD3E;PTPRC;CD3G;IL2RG;TESPA1;PSMB10;CD3D;ADAM8;GATA3;PSMB9;ZAP70;B2M;SPN;MAFB;BCL11B;TOX;FOXP3;IL7R;MR1;CCR7;RIPK3;CD28;ZFP36L2;IL1B;ZBTB1;VNN1;ZEB1;STAT5B;ZFP36L1;PTPN2;NFATC3;EGR3;STAT5A;GLI2;RABL3;FOXN1,Adjusted Degradation High vs Low,Higher in Degradation-High,"The process in which a precursor cell type acquires the specialized features of a T cell via a differentiation pathway dependent upon transit through the thymus. [GOC:add, ISBN:0781735149]",2026.1.Hs,-1.68190578022285,0.00105135888135415,0.0388798638745433,87,PSMA4;VNN1;SHH;JMJD6;PSMA5;PSMA6;PSMB1;PSMA3;RASGRP1;LIG4;PSMB2;ATG5;FZD8;ZBTB1;BMP4;PRKDC,Adjusted Sarcosine High vs Low,Sarcosine-Low,2.22227181126896,1.68190578022285,TRUE,FALSE,TRUE,TRUE,0.0388798638745433,1.68190578022285,RASGRP1;VNN1;ZBTB1,3,53,0.05660377358490566
GOBP_ANTIGEN_PROCESSING_AND_PRESENTATION_OF_PEPTIDE_OR_POLYSACCHARIDE_ANTIGEN_VIA_MHC_CLASS_II,GO:BP,2.51228827306872,1.59403431965937e-10,2.60646152268627e-9,31,HLA-DOA;HLA-DPB1;CD74;HLA-DMA;HLA-DPA1;HLA-DRA;HLA-DMB;HLA-DRB1;B2M;HLA-DQB2;UNC93B1;CTSS;FCER1G;TREM2;HLA-DQA1;HLA-DOB;HLA-DQB1;HLA-DRB5;HLA-DQA2;FCGR2B;DNM2,Adjusted Degradation High vs Low,Higher in Degradation-High,"The process in which an antigen-presenting cell expresses antigen (peptide or polysaccharide) on its cell surface in association with an MHC class II protein complex. [GOC:add, ISBN:0781735149, PMID:15531770, PMID:15771591, PMID:16153240]",2026.1.Hs,-1.90213570659918,0.00107556727499827,0.0389234432118665,32,CTSL;HLA-DRB5;HLA-DQB1;HLA-DQA1;THBS1;LGMN;TRAF6;HLA-DQB2;CTSD;ARL8B;B2M;CTSF;HLA-DMB;HLA-DRB1;CTSS;HLA-DOA;HLA-DRA,Adjusted Sarcosine High vs Low,Sarcosine-Low,2.51228827306872,1.90213570659918,TRUE,FALSE,TRUE,TRUE,0.0389234432118665,1.90213570659918,B2M;CTSS;HLA-DMB;HLA-DOA;HLA-DQA1;HLA-DQB1;HLA-DQB2;HLA-DRA;HLA-DRB1;HLA-DRB5,10,28,0.35714285714285715
GOBP_BIOLOGICAL_PROCESS_INVOLVED_IN_INTERACTION_WITH_HOST,GO:BP,1.59876299892385,0.00115275285756649,0.00487703132047361,143,LGALS9;TRIM21;CD4;GRK2;CCR5;SELPLG;CD86;HAVCR1;CD80;CH25H;SIGLEC1;AXL;ITGB7;VAMP8;CXCR4;MUC5B;DYNLT1;CLEC5A;CR1;CR2;LAMP3;SMPD1;IFIT1;TPCN1;TRIM38;CXADR;SLAMF1;DPP4;PLSCR1;NRP1;GAS6;TRIM5;EFNB2;MRC1;CHMP7;ITGA5;CD209;CHMP1A;ANPEP;LDLR;ICAM1;MYH9;EPS15;CAV2;LTF;NECTIN3;NCAM1;FBLN1;NECTIN4;MOG;EGFR,Adjusted Degradation High vs Low,Higher in Degradation-High,"An interaction between two organisms living together in more or less intimate association. The term host is used for the larger (macro) of the two members of a symbiosis; the various forms of symbiosis include parasitism, commensalism and mutualism. [GOC:cc]",2026.1.Hs,-1.54003895964431,0.00110777021680646,0.0394345491197738,154,DYNLT1;NPC1;ITGB3;SLC7A1;SLC3A2;CTSL;KPNA3;FUCA2;CD80;EXOC2;CHMP1B;CTSB;PVR;TNFRSF4;MRC1;ITGB1;NUP153;CAV2;NCAM1;CHMP5;RNASEK;VPS4B;VPS18;CXADR;TRIM21;NRP1;CDK1;CHMP4A;TRIM38;ARL8B;CD209;LAMP1;ITGA5;LDLR;VAPA;LAMP3;INHBB;VAPB;HMGB1;TNFRSF14;ICAM1;DPP4;TRIM25;LGALS9;CXCL8;SCARB2;CD86;TFRC;ZNF502,Adjusted Sarcosine High vs Low,Sarcosine-Low,1.59876299892385,1.54003895964431,TRUE,FALSE,TRUE,TRUE,0.0394345491197738,1.54003895964431,CAV2;CD209;CD80;CD86;CXADR;DPP4;DYNLT1;ICAM1;ITGA5;LAMP3;LDLR;LGALS9;MRC1;NCAM1;NRP1;TRIM21;TRIM38,17,83,0.20481927710843373
GOBP_ANTIGEN_PROCESSING_AND_PRESENTATION_OF_EXOGENOUS_ANTIGEN,GO:BP,2.81873986194312,8.86576519704938e-18,3.25078057225144e-16,47,HLA-DOA;HLA-DPB1;CD74;HLA-DMA;HLA-DPA1;PSMB10;HLA-DRA;HLA-DMB;HLA-DRB1;HLA-B;CD1D;B2M;HLA-F;HLA-C;HLA-E;PSME1;CD1E;MPEG1;CLEC4A;HLA-DQB2;CD1C;UNC93B1;CTSS;MR1;HLA-A;FCER1G;HLA-DQA1;HLA-DOB;FCGR1A;HLA-DQB1;HLA-DRB5;LNPEP;HLA-DQA2;FCGR2B;DNM2;MFSD6,Adjusted Degradation High vs Low,Higher in Degradation-High,"The process in which an antigen-presenting cell expresses antigen (peptide or lipid) of exogenous origin on its cell surface in association with an MHC protein complex. [GOC:add, ISBN:0781735149, PMID:15771591, PMID:15928678]",2026.1.Hs,-1.83710656848059,0.00115344841301408,0.0404726540466176,48,HLA-C;CTSL;HLA-B;HLA-DRB5;HLA-DQB1;HLA-DQA1;HLA-A;LGMN;TRAF6;HLA-DQB2;CTSD;HLA-F;B2M;CTSF;HLA-DMB;HLA-DRB1;CTSS;HLA-DOA;TAP2;HLA-DRA;HLA-E,Adjusted Sarcosine High vs Low,Sarcosine-Low,2.81873986194312,1.83710656848059,TRUE,FALSE,TRUE,TRUE,0.0404726540466176,1.83710656848059,B2M;CTSS;HLA-A;HLA-B;HLA-C;HLA-DMB;HLA-DOA;HLA-DQA1;HLA-DQB1;HLA-DQB2;HLA-DRA;HLA-DRB1;HLA-DRB5;HLA-E;HLA-F,15,42,0.35714285714285715
GOBP_NEGATIVE_REGULATION_OF_NATURAL_KILLER_CELL_MEDIATED_IMMUNITY,GO:BP,2.22949498809896,1.84959313773046e-6,1.39584679624981e-5,23,INPP5D;LGALS9;CD96;HAVCR2;HLA-B;ARRB2;HLA-F;LILRB1;HLA-E;SERPINB9;HLA-A;KIR2DL4;TGFB1,Adjusted Degradation High vs Low,Higher in Degradation-High,"Any process that stops, prevents, or reduces the frequency, rate, or extent of natural killer cell mediated immunity. [GOC:add]",2026.1.Hs,-1.91617103667613,0.00129169761358866,0.0431565497617395,25,HAVCR2;HLA-B;TGFB1;PVR;HLA-A;HLA-F;SERPINB9;GRB2,Adjusted Sarcosine High vs Low,Sarcosine-Low,2.22949498809896,1.91617103667613,TRUE,FALSE,TRUE,TRUE,0.0431565497617395,1.91617103667613,HAVCR2;HLA-A;HLA-B;HLA-F;SERPINB9;TGFB1,6,15,0.4
GOBP_LEUKOCYTE_CELL_CELL_ADHESION,GO:BP,2.62075563570217,7.79332641979813e-36,2.17613653106671e-33,357,SASH3;SEMA4D;LGALS9;CORO1A;VAV1;TNIP1;FCHO1;HLA-DOA;CYLD;HLA-DPB1;NOD2;NCKAP1L;FERMT3;PTPN22;CD74;PTPN6;IL18;ITGAL;LCK;CD4;SIRPG;RASGRP1;CD5;CCL5;CARD11;RAC2;DOCK8;NLRP3;CD3E;CD6;PTPRC;ICOS;HLA-DMA;RASAL3;CRTAM;ALOX5;IL12RB1;HLA-DPA1;HAVCR2;CCDC88B;CD27;IL2RG;TESPA1;ITGB2;PSMB10;HLA-DRA;LILRB4;HLA-DMB;HLA-DRB1;PDCD1;SELPLG;LYN;ADAM8;SYK;LAPTM5;IRF1;GATA3;PSMB9;ZAP70;CD1D;CD86;JAK3;GPR65;B2M;ITGAX;LILRB1;CD80;IL4I1;HLA-E;PRKCQ;SPN;PDCD1LG2;PIK3R6;GCNT1;IL2RA;CD69;AIF1;JAK2;ITGAM;ZC3H12A;TGFBR2;SOCS1;ITGB7;CD40LG;LAG3;LILRB2;TBX21;HLA-DQB2;FGL2;IDO1;CD300A;ITGA4;IL7;SELL;FOXP3;BTLA;IFNG;IL7R;CXCL12;VCAM1;CD274;HLA-A;PSMB8;TNFSF13B;CCR7;CCL19;HLA-DQA1;CTLA4;HLA-DOB;LAX1;CD47;CX3CR1;CCR2;MAP3K8;HLA-DQB1;VSIG4;CR1;TGFB1;BCL6;HLA-DRB5;PLA2G2D;CD28;SKAP1;CCL2;TNF;JAM2;HLA-DQA2;SELP;CD83;OLR1;SMARCA2;EZR;NFKBID;HFE;CCL21,Adjusted Degradation High vs Low,Higher in Degradation-High,The attachment of a leukocyte to another cell via adhesion molecules. [GOC:go_curators],2026.1.Hs,-1.33024058073836,0.00132562780838108,0.0431565497617395,392,PSMA4;HAVCR2;VNN1;SLC7A1;TNFSF4;SHH;MDK;LGALS8;PSMA5;SEMA4D;LGALS3;CD274;PNP;GPNMB;CBFB;PSMA6;PSMB1;TGFB1;CD300A;NT5E;TNFSF9;HLA-DRB5;PSMA3;RASGRP1;SFTPD;ABL2;HLA-DQB1;EPO;HLA-DQA1;PRKAR1A;CD80;ABL1;IL4I1;STK10;PSMB2;IL2RA;SOX4;ITGB1;YES1;HLA-A;SHB;EXT1;IGFBP2;ZBTB1;SMARCA4;BTN2A2;CD276;BMP4;PHF10;TRAF6;HLA-DQB2;PAG1;RUNX1;ZC3H12A;FBXO38;CD70;CCL2;PSMB8;CD28;ADTRP;CD209;HES1;B2M;KLRK1;CDKN2A;ITGA5;IL6;PIK3R6;AKT1;HLA-DMB;RC3H2;PTPN22;ETS1;PSMB9;HMGB1;TNFRSF14;FADD;IL12RB1;HLA-DRB1;ICAM1;DPP4;YWHAG;RELA;LGALS9;ITGA4;HLA-DOA;ADD2;GCNT1;CD86;SIRPA;TFRC;CD6;AMBRA1;FUT4;IRF1,Adjusted Sarcosine High vs Low,Sarcosine-Low,2.62075563570217,1.33024058073836,TRUE,FALSE,TRUE,TRUE,0.0431565497617395,1.33024058073836,B2M;CCL2;CD274;CD28;CD300A;CD6;CD80;CD86;GCNT1;HAVCR2;HLA-A;HLA-DMB;HLA-DOA;HLA-DQA1;HLA-DQB1;HLA-DQB2;HLA-DRB1;HLA-DRB5;IL12RB1;IL2RA;IL4I1;IRF1;ITGA4;LGALS9;PIK3R6;PSMB8;PSMB9;PTPN22;RASGRP1;SEMA4D;TGFB1;ZC3H12A,32,198,0.16161616161616163
GOBP_POSITIVE_REGULATION_OF_LYMPHOCYTE_DIFFERENTIATION,GO:BP,2.40231920381038,4.48658251506573e-13,1.08575296864591e-11,122,INPP5D;SASH3;SPI1;LGALS9;CYLD;NCKAP1L;CD74;IL18;LCK;RASGRP1;BTK;NLRP3;PTPRC;IL12RB1;CD27;IL2RG;TESPA1;HLA-DRA;LILRB4;IL15RA;HLA-DRB1;ADAM8;SYK;GATA3;ZAP70;CD86;GPR65;CD80;IL4I1;PIK3R6;IL2RA;AXL;TGFBR2;SOCS1;TOX;LILRB2;IL7;FOXP3;IFNG;IL7R;CCL19;CR1;TGFB1;BCL6;CD83;SMARCA2;NFKBID;ANXA1;ZBTB1;VNN1;ZMIZ1;ZBTB16;STAT5B;IL1RL2;GAS6;PRKCZ;EGR3;MALT1;ZBTB7B;STAT5A,Adjusted Degradation High vs Low,Higher in Degradation-High,"Any process that activates or increases the frequency, rate or extent of lymphocyte differentiation. [GOC:go_curators]",2026.1.Hs,-1.57193114903324,0.00130557273414416,0.0431565497617395,129,VNN1;TNFSF4;SHH;MDK;PNP;CBFB;TGFB1;TNFSF9;DDRGK1;RASGRP1;CD80;IL15RA;MMP14;IL4I1;IL2RA;SOX4;SHB;ZBTB1;SMARCA4;BTN2A2;PCID2;PHF10;PRKDC;XRCC6;RUNX1,Adjusted Sarcosine High vs Low,Sarcosine-Low,2.40231920381038,1.57193114903324,TRUE,FALSE,TRUE,TRUE,0.0431565497617395,1.57193114903324,CD80;IL15RA;IL2RA;IL4I1;RASGRP1;TGFB1;VNN1;ZBTB1,8,77,0.1038961038961039
GOBP_ANTIGEN_PROCESSING_AND_PRESENTATION_OF_PEPTIDE_ANTIGEN,GO:BP,2.78715190714867,2.6531266311572898e-18,1.0700944079001099e-16,62,HLA-DOA;HLA-DPB1;CD74;HLA-DMA;HLA-DPA1;PSMB10;HLA-DRA;HLA-DMB;HLA-DRB1;HLA-B;B2M;HLA-F;HLA-C;ERAP1;HLA-E;MPEG1;ERAP2;TAPBPL;CLEC4A;HLA-DQB2;UNC93B1;TAPBP;CTSS;TAP1;MR1;HLA-A;FCER1G;TREM2;HLA-DQA1;HLA-DOB;FCGR1A;HLA-DQB1;HLA-DRB5;LNPEP;HLA-DQA2;FCGR2B;DNM2;HFE;MFSD6,Adjusted Degradation High vs Low,Higher in Degradation-High,"The process in which an antigen-presenting cell expresses peptide antigen in association with an MHC protein complex on its cell surface, including proteolysis and transport steps for the peptide antigen both prior to and following assembly with the MHC protein complex. The peptide antigen is typically, but not always, processed from an endogenous or exogenous protein. [GOC:add, ISBN:0781735149, PMID:15771591]",2026.1.Hs,-1.73493231140945,0.00139708864752805,0.0443459221536197,64,HLA-C;CTSL;HLA-B;HLA-DRB5;HLA-DQB1;HLA-DQA1;TAP1;ULBP2;HLA-A;LGMN;TRAF6;PDIA3;HLA-DQB2;CTSD;HLA-F;CD209;B2M;TAPBP;CTSF;CALR;HLA-DMB;ERAP1;HLA-DRB1;CTSS;HLA-DOA;TAP2;HLA-DRA,Adjusted Sarcosine High vs Low,Sarcosine-Low,2.78715190714867,1.73493231140945,TRUE,FALSE,TRUE,TRUE,0.0443459221536197,1.73493231140945,B2M;CTSS;ERAP1;HLA-A;HLA-B;HLA-C;HLA-DMB;HLA-DOA;HLA-DQA1;HLA-DQB1;HLA-DQB2;HLA-DRA;HLA-DRB1;HLA-DRB5;HLA-F;TAP1;TAPBP,17,49,0.3469387755102041
REACTOME_INTERFERON_GAMMA_SIGNALING,Reactome,2.73834649744259,1.0486494022728699e-18,3.50113590758845e-17,89,CIITA;TRIM22;HLA-DPB1;IRF8;PTPN6;TRIM21;SP100;TRIM14;IRF5;HLA-DPA1;HLA-DRA;GBP5;HLA-DRB1;HLA-B;IRF1;OAS3;IRF2;OASL;B2M;GBP2;HLA-F;HLA-C;GBP1;HLA-E;PML;PTAFR;OAS2;JAK2;GBP4;OAS1;SOCS1;TRIM8;GBP3;HLA-DQB2;IRF7;STAT1;IFNG;VCAM1;CAMK2G;HLA-A;JAK1;HLA-DQA1;FCGR1A;CAMK2D;HLA-DQB1;HLA-DRB5;MAPK3;HLA-DQA2;TRIM38;IFNGR1;MT2A;IRF9,Adjusted Degradation High vs Low,Higher in Degradation-High,Interferon gamma signaling,2026.1.Hs,-1.49166717909658,0.00768659881255301,0.0452795274313232,89,HLA-C;HLA-B;HLA-DRB5;HLA-DQB1;HLA-DQA1;GBP2;GBP1;GBP3;HLA-A;NCAM1;IRF8;HLA-DQB2;HLA-F;IFNGR2;YBX1;TRIM21;TRIM38;TRIM29;B2M;TRIM14;STAT1;GBP4;GBP5;HLA-DRB1;ICAM1;TRIM25;OASL;PTPN1;IRF1;HLA-DRA;PTAFR;IFNG;HLA-E,Adjusted Sarcosine High vs Low,Sarcosine-Low,2.73834649744259,1.49166717909658,TRUE,FALSE,TRUE,TRUE,0.0452795274313232,1.49166717909658,B2M;GBP1;GBP2;GBP3;GBP4;GBP5;HLA-A;HLA-B;HLA-C;HLA-DQA1;HLA-DQB1;HLA-DQB2;HLA-DRA;HLA-DRB1;HLA-DRB5;HLA-E;HLA-F;IFNG;IRF1;IRF8;OASL;PTAFR;STAT1;TRIM14;TRIM21;TRIM38,26,59,0.4406779661016949
GOBP_T_CELL_HOMEOSTASIS,GO:BP,2.04644760037866,2.98554191032755e-6,2.19382937945121e-5,54,LGALS9;CORO1A;NCKAP1L;GPR174;PSMB10;PSMB9;JAK3;SIT1;IL2RA;AIM2;FOXP3;PSMB8;TCIRG1;RIPK3;TGFB1;FAS;LGALS2;TSC22D3,Adjusted Degradation High vs Low,Higher in Degradation-High,"The process of regulating the proliferation and elimination of T cells such that the total number of T cells within a whole or part of an organism is stable over time in the absence of an outside stimulus. [GOC:mgi_curators, ISBN:0781735149]",2026.1.Hs,-1.73306453448906,0.00150298449778847,0.0457989436166101,58,PSMA4;PSMA5;PSMA6;PSMB1;TGFB1;PSMA3;PSMB2;IL2RA;PMAIP1;PPP2R3C;PSMB8;AKT1;TGFB2;RC3H2;BAX;PSMB9;CCNB2;FADD;LGALS9;SPNS2,Adjusted Sarcosine High vs Low,Sarcosine-Low,2.04644760037866,1.73306453448906,TRUE,FALSE,TRUE,TRUE,0.0457989436166101,1.73306453448906,IL2RA;LGALS9;PSMB8;PSMB9;TGFB1,5,33,0.15151515151515152
GOBP_SYMBIONT_ENTRY_INTO_HOST,GO:BP,1.80010001286412,5.82017451686076e-5,3.2806263192864e-4,113,LGALS9;TRIM21;CD4;GRK2;CCR5;SELPLG;CD86;HAVCR1;CD80;CH25H;SIGLEC1;AXL;ITGB7;VAMP8;CXCR4;DYNLT1;CLEC5A;CR1;CR2;LAMP3;SMPD1;TPCN1;TRIM38;CXADR;SLAMF1;DPP4;PLSCR1;NRP1;GAS6;TRIM5;EFNB2;MRC1;ITGA5;CD209;ANPEP;LDLR;ICAM1;MYH9;EPS15;CAV2;NECTIN3;NCAM1;NECTIN4;MOG;EGFR;CTSB;CBL;ITGA2,Adjusted Degradation High vs Low,Higher in Degradation-High,"Entry of a symbiont into the body, tissues, or cells of a host organism as part of the symbiont life cycle. The host is defined as the larger of the organisms involved in a symbiotic interaction. [GOC:vw]",2026.1.Hs,-1.53741914303512,0.00159872102318145,0.0465873597081716,123,DYNLT1;NPC1;ITGB3;SLC7A1;SLC3A2;CTSL;KPNA3;FUCA2;CD80;EXOC2;CTSB;PVR;TNFRSF4;MRC1;ITGB1;NUP153;CAV2;NCAM1;RNASEK;VPS18;CXADR;TRIM21;NRP1;CDK1;TRIM38;CD209;LAMP1;ITGA5;LDLR;LAMP3;HMGB1;TNFRSF14;ICAM1;DPP4;TRIM25;LGALS9;CXCL8;SCARB2;CD86;TFRC,Adjusted Sarcosine High vs Low,Sarcosine-Low,1.80010001286412,1.53741914303512,TRUE,FALSE,TRUE,TRUE,0.0465873597081716,1.53741914303512,CAV2;CD209;CD80;CD86;CTSB;CXADR;DPP4;DYNLT1;ICAM1;ITGA5;LAMP3;LDLR;LGALS9;MRC1;NCAM1;NRP1;TRIM21;TRIM38,18,70,0.2571428571428571
GOBP_POSITIVE_REGULATION_OF_CELL_DEVELOPMENT,GO:BP,1.92203928942325,1.2978215502763e-10,2.17101024308892e-9,348,INPP5D;SASH3;SPI1;SEMA4D;LGALS9;HCLS1;TNFRSF1B;CYLD;NCKAP1L;CD74;IL18;LCK;CD4;RASGRP1;BTK;NLRP3;CSF1;PTPRC;IL2RB;IL12RB1;CD27;IL2RG;TESPA1;HLA-DRA;CLEC7A;LILRB4;IL15RA;HLA-DRB1;LYN;ADAM8;SYK;IL4R;GATA3;ZAP70;CD86;GPR65;CD80;IL4I1;PIK3R6;ID2;IL2RA;EVI2B;EGR2;PRKCH;AXL;TGFBR2;SOCS1;EPHB2;TYROBP;TOX;LILRB2;CASP8;IL7;FOXP3;IFNG;IL7R;CXCL12;CXCR4;TREM2;CCL19;CX3CR1;MIR142;TNFRSF11A;CCR1;CR1;TGFB1;BCL6;TNF;VEGFC;MACF1;NUMB;BCL11A;MAN2A1;CD83;PLXND1;SMARCA2;NFKBID;FES;TGM2;ANXA1;IL1B;MAP1B;ZBTB1;VNN1;MPL;BIN1;ZMIZ1;ZBTB16;ZNF365;CLCF1;TIAM1;STAT5B;IL1RL2;TNFSF11;NRP1;GAS6;ZFP36L1;PRKCZ,Adjusted Degradation High vs Low,Higher in Degradation-High,"Any process that increases the rate, frequency or extent of the progression of the cell over time, from its formation to the mature structure. Cell development does not include the steps involved in committing a cell to a specific fate. [GOC:BHF, GOC:dph, GOC:tb]",2026.1.Hs,-1.33150719818765,0.00155066348755608,0.0465873597081716,375,VNN1;TNFSF4;SHH;MDK;SEMA4D;HIF1A;GRM5;LGALS3;PNP;LRP8;WNT3;OLIG2;NEFL;CBFB;RIPK1;TGFB1;MAP2K1;TNFSF9;SS18L1;DDRGK1;RASGRP1;SNW1;XRCC2;SLC7A5;SHTN1;CD80;LIG4;IL15RA;DCSTAMP;MMP14;IL4I1;IL2RA;SOX4;VEGFC;CCR1;BNC1;SEMA7A;SHB;RHEB;ZBTB1;SMARCA4;TGM2;BTN2A2;CLCF1;MACF1;LIF;AURKA;PCID2;BMP4;PHF10;TRAF6;MAP1B;DICER1;PRKDC;XRCC6;HDAC2;RUNX1;MYRF;ACIN1;SOX11;PPP2R3C;NIN;SLC9B2;NRP1;E2F1;FN1;SHOX2;HES1;VEGFA;TNFRSF12A;NAP1L1;KDM1A;CORO1C;SLC30A1;IL6;PIK3R6;ROBO1;GPR68;GPER1;TRPV2;TOX,Adjusted Sarcosine High vs Low,Sarcosine-Low,1.92203928942325,1.33150719818765,TRUE,FALSE,TRUE,TRUE,0.0465873597081716,1.33150719818765,CCR1;CD80;CLCF1;IL15RA;IL2RA;IL4I1;MACF1;MAP1B;NRP1;PIK3R6;RASGRP1;SEMA4D;TGFB1;TGM2;TOX;VEGFC;VNN1;ZBTB1,18,161,0.11180124223602485
GOBP_PEPTIDE_ANTIGEN_ASSEMBLY_WITH_MHC_PROTEIN_COMPLEX,GO:BP,2.50071921950555,5.4911545282887596e-11,9.86776779093475e-10,19,HLA-DOA;HLA-DPB1;HLA-DMA;HLA-DPA1;HLA-DRA;HLA-DMB;HLA-DRB1;B2M;TAPBPL;HLA-DQB2;TAPBP;HLA-A;HLA-DQA1;HLA-DOB;HLA-DQB1;HLA-DRB5;HLA-DQA2,Adjusted Degradation High vs Low,Higher in Degradation-High,"The binding of a peptide to the antigen binding groove of an MHC protein complex. [GOC:add, ISBN:0781735149, PMID:15771591]",2026.1.Hs,-1.98807564769983,0.00167132612130789,0.0478652721508402,19,HLA-DRB5;HLA-DQB1;HLA-DQA1;HLA-A;PDIA3;HLA-DQB2;B2M;TAPBP;CALR;HLA-DMB;HLA-DRB1;HLA-DOA;HLA-DRA,Adjusted Sarcosine High vs Low,Sarcosine-Low,2.50071921950555,1.98807564769983,TRUE,FALSE,TRUE,TRUE,0.0478652721508402,1.98807564769983,B2M;HLA-A;HLA-DMB;HLA-DOA;HLA-DQA1;HLA-DQB1;HLA-DQB2;HLA-DRA;HLA-DRB1;HLA-DRB5;TAPBP,11,19,0.5789473684210527
GOBP_TYPE_II_INTERFERON_PRODUCTION,GO:BP,2.67045111814949,4.79336542721342e-18,1.8315701579773399e-16,102,SASH3;LGALS9;HLA-DPB1;IRF8;PTPN22;IL18;CD3E;CD96;TLR7;CD2;CRTAM;IL12RB1;HLA-DPA1;HAVCR2;SLAMF6;PSMB10;CLEC7A;LILRB4;HLA-DRB1;BTN3A1;LAPTM5;GATA3;PSMB9;TLR3;LILRB1;PDCD1LG2;AXL;ZC3H12A;CD226;TXK;BTN3A2;CD244;ARID5A;FOXP3;TLR8;CD274;HLA-A;PSMB8;CCR7;CD14;ZNF683;CD47;RIPK3;IL18RAP;CCR2;IL18R1;CR1;TNF,Adjusted Degradation High vs Low,Higher in Degradation-High,"The appearance of interferon-gamma due to biosynthesis or secretion following a cellular stimulus, resulting in an increase in its intracellular or extracellular levels. Interferon-gamma is also known as type II interferon. [GOC:add, GOC:mah, PMID:15546383]",2026.1.Hs,-1.55446683596785,0.00168602472836268,0.0478827339647844,113,PSMA4;HAVCR2;TNFSF4;PSMA5;CD274;PSMA6;PSMB1;PSMA3;SLC7A5;INHA;C1QBP;ABL1;PSMB2;HLA-A;CD276;IRF8;HRAS;ZC3H12A;PSMB8;INHBA;KLRK1;PTPN22;PSMB9;HMGB1;BTN3A2;TNFRSF14;FADD;IL12RB1;HLA-DRB1;BTN3A1;LGALS9;UFC1;SIRPA;CLEC7A;PDE4B;BCL3;ZNF683;DDIT3;WNT5A,Adjusted Sarcosine High vs Low,Sarcosine-Low,2.67045111814949,1.55446683596785,TRUE,FALSE,TRUE,TRUE,0.0478827339647844,1.55446683596785,BTN3A1;BTN3A2;CD274;CLEC7A;HAVCR2;HLA-A;HLA-DRB1;IL12RB1;IRF8;LGALS9;PSMB8;PSMB9;PTPN22;ZC3H12A;ZNF683,15,72,0.20833333333333334
