pathway,theme,display_label,plot_order,collection,tiger_NES,tiger_pval,tiger_q,tiger_size,tiger_leading_edge,tiger_model,tiger_direction,description,MSigDB_version,ccrcc_NES_high_minus_low,ccrcc_pval,ccrcc_q,ccrcc_size,ccrcc_leading_edge,ccrcc_model,ccrcc_direction,tiger_harmonized_NES,ccrcc_harmonized_NES,target_direction_aligned,opposite_direction_aligned,both_BH_q_lt_0_05,strict_target_common,max_q,min_abs_harmonized_NES,shared_leading_edge_genes,shared_leading_edge_n,leading_edge_union_n,leading_edge_jaccard
GOBP_ANTIGEN_PROCESSING_AND_PRESENTATION,Antigen presentation/T-cell interface,Antigen processing and presentation,1,GO:BP,2.91035320045461,9.72122436898213e-25,7.201641726409209e-23,101,WAS;HLA-DOA;HLA-DPB1;NOD2;CD74;RELB;WDFY4;CD8A;HLA-DMA;HLA-DPA1;PSMB10;HLA-DRA;HLA-DMB;HLA-DRB1;HLA-B;CST7;CD1D;B2M;HLA-F;HLA-C;ERAP1;HLA-E;PSME1;CD1E;RFTN1;MPEG1;ERAP2;TAPBPL;CLEC4A;CTSH;LILRB2;HLA-DQB2;FGL2;CD1C;UNC93B1;TAPBP;CTSS;TAP1;MR1;HLA-A;PSMB8;FCER1G;CCR7;TREM2;CCL19;HLA-DQA1;HLA-DOB;FCGR1A;HLA-DQB1;KDM5D;HLA-DRB5;NOD1;ABCC1;RAB35;LNPEP;HLA-DQA2;FCGR2B;DNM2;HFE;MFSD6;CCL21;RAB8B;FCER2,Adjusted Degradation High vs Low,Higher in Degradation-High,"The process in which an antigen-presenting cell expresses antigen (peptide or lipid) on its cell surface in association with an MHC protein complex. [GO_REF:0000022, GOC:add, ISBN:0781735149, PMID:15771591, PMID:15928678]",2026.1.Hs,-1.66119104559621,3.2287138509554e-4,0.0186335925125593,105,HLA-C;CTSL;YTHDF1;HLA-B;RAB3B;RELB;HLA-DRB5;HLA-DQB1;HLA-DQA1;TAP1;THBS1;ULBP2;HLA-A;ATG5;EXT1;LGMN;TRAF6;PDIA3;HLA-DQB2;CTSD;HLA-F;RAB32;RAB10;RFTN1;PSMB8;ARL8B;CD209;B2M;TAPBP;CTSF;CALR;HLA-DMB;ERAP1;RAB27A,Adjusted Sarcosine High vs Low,Sarcosine-Low,2.91035320045461,1.66119104559621,TRUE,FALSE,TRUE,TRUE,0.0186335925125593,1.66119104559621,B2M;ERAP1;HLA-A;HLA-B;HLA-C;HLA-DMB;HLA-DQA1;HLA-DQB1;HLA-DQB2;HLA-DRB5;HLA-F;PSMB8;RELB;RFTN1;TAP1;TAPBP,16,81,0.19753086419753085
REACTOME_ANTIGEN_PROCESSING_CROSS_PRESENTATION,Antigen presentation/T-cell interface,Antigen cross-presentation,2,Reactome,2.10102440900307,2.64261243405906e-7,2.08151401142619e-6,90,BTK;PSMB10;CYBB;HLA-B;PSMB9;NCF1;B2M;NCF4;HLA-F;HLA-C;HLA-E;PSME1;TLR1;CYBA;VAMP8;TAPBP;CTSS;TAP1;NCF2;HLA-A;PSMB8;STX4;CD14;FCGR1A;TLR2;LY96;LNPEP;TLR4;PSME2;MYD88,Adjusted Degradation High vs Low,Higher in Degradation-High,Antigen processing-Cross presentation,2026.1.Hs,-2.13586727709292,3.54378394265903e-7,1.03248624059093e-5,96,PSMA4;PSMC1;HLA-C;PSMD7;PSMD13;PSMA5;CTSL;PSMA6;HLA-B;PSMB1;PSMA3;TAP1;PSMC6;PSMD12;PSMB2;MRC1;PSMD14;HLA-A;PSMD11;PDIA3;HLA-F;PSMD6;PSMB8;PSMC2;B2M;TAPBP;LY96;CALR;PSMB9;HMGB1;PSMD1;PSMB7;PSMC5;CHUK;PSMD3;CTSS;TAP2;PSMB5;PSMB6;PSMC3;HLA-E;SEC61G;ADRM1;SEC22B,Adjusted Sarcosine High vs Low,Sarcosine-Low,2.10102440900307,2.13586727709292,TRUE,FALSE,TRUE,TRUE,1.03248624059093e-5,2.10102440900307,B2M;CTSS;HLA-A;HLA-B;HLA-C;HLA-E;HLA-F;LY96;PSMB8;PSMB9;TAP1;TAPBP,12,62,0.1935483870967742
REACTOME_TCR_SIGNALING,Antigen presentation/T-cell interface,TCR signaling,3,Reactome,2.39907450409897,6.19010463665345e-12,8.898275415189329e-11,101,INPP5D;WAS;HLA-DPB1;PTPN22;LCK;CD4;TRAT1;EVL;CARD11;CD3E;PTPRC;ITK;HLA-DPA1;CD3G;PLCG2;HLA-DRA;CD247;HLA-DRB1;CD3D;ZAP70;TRAV8-4;NFKBIA;GRAP2;PRKCQ;LCP2;TRAV19;HLA-DQB2;NFKB1;HLA-DQA1;TRBV7-9;HLA-DQB1;TAB2;HLA-DRB5,Adjusted Degradation High vs Low,Higher in Degradation-High,TCR signaling,2026.1.Hs,-1.99296943984677,3.26817913888035e-6,6.25404685609689e-5,102,PSMA4;PSMC1;PSMD7;PSMD13;PSMA5;PSMA6;PSMB1;HLA-DRB5;PSMA3;HLA-DQB1;HLA-DQA1;PSMC6;PSMD12;PSMB2;PSMD14;MAP3K7;PSMD11;TRAF6;HLA-DQB2;PAG1;CUL1;LCP2;PSMD6;PSMC2;EVL;PTPN22;PSMD1;PSMB7;HLA-DRB1;PSMC5;RELA;CHUK;NFKB1;PSMD3;GRAP2;PSMB5;HLA-DRA;PSMB6;PSMC3;ADRM1;PLCG1;RIPK2;ITK;PSMA7;CARD11;BTRC;NFKBIA,Adjusted Sarcosine High vs Low,Sarcosine-Low,2.39907450409897,1.99296943984677,TRUE,FALSE,TRUE,TRUE,6.25404685609689e-5,1.99296943984677,CARD11;EVL;GRAP2;HLA-DQA1;HLA-DQB1;HLA-DQB2;HLA-DRA;HLA-DRB1;HLA-DRB5;ITK;LCP2;NFKB1;NFKBIA;PTPN22,14,66,0.21212121212121213
GOBP_REGULATION_OF_T_CELL_ACTIVATION,Antigen presentation/T-cell interface,Regulation of T-cell activation,4,GO:BP,2.60787577003002,3.7233314958603195e-33,6.143496968169519e-31,334,SASH3;LGALS9;CORO1A;VAV1;FCHO1;TNFRSF1B;HLA-DOA;CYLD;HLA-DPB1;NOD2;NCKAP1L;PTPN22;CD74;PTPN6;IL18;LCK;CD4;SIRPG;RASGRP1;CD5;CCL5;CARD11;RAC2;DOCK8;NLRP3;CD3E;CD6;PTPRC;ICOS;HLA-DMA;RASAL3;CD2;CRTAM;IL12RB1;HLA-DPA1;HAVCR2;CCDC88B;CD27;IL2RG;TESPA1;PSMB10;HLA-DRA;LILRB4;HLA-DMB;HLA-DRB1;PDCD1;LYN;ADAM8;PRDM1;SYK;LAPTM5;IRF1;GATA3;PSMB9;ZAP70;CD1D;CD86;JAK3;GPR65;B2M;LILRB1;CD80;IL4I1;HLA-E;PRKCQ;SPN;SIT1;PDCD1LG2;PIK3R6;IL2RA;CD69;AIF1;JAK2;TNFSF8;ZC3H12A;TGFBR2;SOCS1;CD40LG;LAG3;TOX;LILRB2;TBX21;HLA-DQB2;FGL2;IDO1;CD300A;IL7;FOXP3;BTLA;IFNG;IL7R;BATF;VCAM1;CD274;HLA-A;PSMB8;TNFSF13B;CCR7;ZNF683;TCF7;CCL19;HLA-DQA1;CTLA4;HLA-DOB;LAX1;CD47;RIPK3;CCR2;MAP3K8;HLA-DQB1;VSIG4;CR1;TGFB1;BCL6;HLA-DRB5;PLA2G2D;CD28;CCL2,Adjusted Degradation High vs Low,Higher in Degradation-High,"Any process that modulates the frequency, rate or extent of T cell activation. [GOC:ai]",2026.1.Hs,-1.41721672132191,1.4756497960739e-4,0.0112415001464917,362,PSMA4;HAVCR2;VNN1;SLC7A1;TNFSF4;SHH;MDK;LGALS8;PSMA5;LGALS3;CD274;PNP;GPNMB;CBFB;PSMA6;PSMB1;TGFB1;CD300A;SH3RF1;TNFSF9;HLA-DRB5;PSMA3;RASGRP1;SFTPD;ABL2;HLA-DQB1;EPO;HLA-DQA1;PRKAR1A;CD80;ABL1;IL4I1;PSMB2;IL2RA;SOX4;YES1;HLA-A;SHB;FANCA;IGFBP2;ZBTB1;SMARCA4;BTN2A2;CGAS;CD276;BMP4;PHF10;TRAF6;HLA-DQB2;PAG1;RUNX1;ZC3H12A;FBXO38;CD70;CCL2;PSMB8;CD28;CD209;HES1;B2M;KLRK1;CDKN2A;IL6;PIK3R6;AKT1;HLA-DMB;RC3H2;PTPN22;TOX,Adjusted Sarcosine High vs Low,Sarcosine-Low,2.60787577003002,1.41721672132191,TRUE,FALSE,TRUE,TRUE,0.0112415001464917,1.41721672132191,B2M;CCL2;CD274;CD28;CD300A;CD80;HAVCR2;HLA-A;HLA-DMB;HLA-DQA1;HLA-DQB1;HLA-DQB2;HLA-DRB5;IL2RA;IL4I1;PIK3R6;PSMB8;PTPN22;RASGRP1;TGFB1;TOX;ZC3H12A,22,165,0.13333333333333333
GOBP_TYPE_II_INTERFERON_PRODUCTION,Type-II-IFN/IFNG,Type-II IFN production,5,GO:BP,2.67045111814949,4.79336542721342e-18,1.8315701579773399e-16,102,SASH3;LGALS9;HLA-DPB1;IRF8;PTPN22;IL18;CD3E;CD96;TLR7;CD2;CRTAM;IL12RB1;HLA-DPA1;HAVCR2;SLAMF6;PSMB10;CLEC7A;LILRB4;HLA-DRB1;BTN3A1;LAPTM5;GATA3;PSMB9;TLR3;LILRB1;PDCD1LG2;AXL;ZC3H12A;CD226;TXK;BTN3A2;CD244;ARID5A;FOXP3;TLR8;CD274;HLA-A;PSMB8;CCR7;CD14;ZNF683;CD47;RIPK3;IL18RAP;CCR2;IL18R1;CR1;TNF,Adjusted Degradation High vs Low,Higher in Degradation-High,"The appearance of interferon-gamma due to biosynthesis or secretion following a cellular stimulus, resulting in an increase in its intracellular or extracellular levels. Interferon-gamma is also known as type II interferon. [GOC:add, GOC:mah, PMID:15546383]",2026.1.Hs,-1.55446683596785,0.00168602472836268,0.0478827339647844,113,PSMA4;HAVCR2;TNFSF4;PSMA5;CD274;PSMA6;PSMB1;PSMA3;SLC7A5;INHA;C1QBP;ABL1;PSMB2;HLA-A;CD276;IRF8;HRAS;ZC3H12A;PSMB8;INHBA;KLRK1;PTPN22;PSMB9;HMGB1;BTN3A2;TNFRSF14;FADD;IL12RB1;HLA-DRB1;BTN3A1;LGALS9;UFC1;SIRPA;CLEC7A;PDE4B;BCL3;ZNF683;DDIT3;WNT5A,Adjusted Sarcosine High vs Low,Sarcosine-Low,2.67045111814949,1.55446683596785,TRUE,FALSE,TRUE,TRUE,0.0478827339647844,1.55446683596785,BTN3A1;BTN3A2;CD274;CLEC7A;HAVCR2;HLA-A;HLA-DRB1;IL12RB1;IRF8;LGALS9;PSMB8;PSMB9;PTPN22;ZC3H12A;ZNF683,15,72,0.20833333333333334
REACTOME_INTERFERON_GAMMA_SIGNALING,Type-II-IFN/IFNG,IFN-gamma signaling,6,Reactome,2.73834649744259,1.0486494022728699e-18,3.50113590758845e-17,89,CIITA;TRIM22;HLA-DPB1;IRF8;PTPN6;TRIM21;SP100;TRIM14;IRF5;HLA-DPA1;HLA-DRA;GBP5;HLA-DRB1;HLA-B;IRF1;OAS3;IRF2;OASL;B2M;GBP2;HLA-F;HLA-C;GBP1;HLA-E;PML;PTAFR;OAS2;JAK2;GBP4;OAS1;SOCS1;TRIM8;GBP3;HLA-DQB2;IRF7;STAT1;IFNG;VCAM1;CAMK2G;HLA-A;JAK1;HLA-DQA1;FCGR1A;CAMK2D;HLA-DQB1;HLA-DRB5;MAPK3;HLA-DQA2;TRIM38;IFNGR1;MT2A;IRF9,Adjusted Degradation High vs Low,Higher in Degradation-High,Interferon gamma signaling,2026.1.Hs,-1.49166717909658,0.00768659881255301,0.0452795274313232,89,HLA-C;HLA-B;HLA-DRB5;HLA-DQB1;HLA-DQA1;GBP2;GBP1;GBP3;HLA-A;NCAM1;IRF8;HLA-DQB2;HLA-F;IFNGR2;YBX1;TRIM21;TRIM38;TRIM29;B2M;TRIM14;STAT1;GBP4;GBP5;HLA-DRB1;ICAM1;TRIM25;OASL;PTPN1;IRF1;HLA-DRA;PTAFR;IFNG;HLA-E,Adjusted Sarcosine High vs Low,Sarcosine-Low,2.73834649744259,1.49166717909658,TRUE,FALSE,TRUE,TRUE,0.0452795274313232,1.49166717909658,B2M;GBP1;GBP2;GBP3;GBP4;GBP5;HLA-A;HLA-B;HLA-C;HLA-DQA1;HLA-DQB1;HLA-DQB2;HLA-DRA;HLA-DRB1;HLA-DRB5;HLA-E;HLA-F;IFNG;IRF1;IRF8;OASL;PTAFR;STAT1;TRIM14;TRIM21;TRIM38,26,59,0.4406779661016949
HALLMARK_INTERFERON_GAMMA_RESPONSE,Type-II-IFN/IFNG,IFN-gamma response,7,Hallmark,3.221864683358,3.12651311816447e-50,1.56325655908224e-48,191,IL10RA;CIITA;DDX60;IRF8;NLRC5;CD74;PTPN6;TRIM21;TRIM14;SAMHD1;CCL5;CSF2RB;TRAFD1;IL2RB;IRF5;HLA-DMA;SP110;SAMD9L;PSMB10;EIF4E3;EPSTI1;IL15RA;HLA-DRB1;PIM1;RNF213;GZMA;HLA-B;DHX58;TNFSF10;IL4R;ST8SIA4;IRF1;PSMB9;OAS3;IRF2;OASL;IFI44L;NFKBIA;IFI44;CD86;VAMP5;B2M;IFIH1;CD38;SECTM1;PML;OAS2;TNFAIP2;PARP14;STAT4;PSME1;RSAD2;CD69;PARP12;XAF1;LCP2;CMKLR1;JAK2;APOL6;IFI35;IFIT2;GBP4;CD40;SOCS1;SLC25A28;LAP3;ITGB7;UBE2L6;GCH1;VAMP8;CMPK2;FGL2;IDO1;CASP8;TNFAIP3;IL7;IRF7;STAT1;HERC6;CXCL9;C1R;TAPBP;TAP1;MX2;NFKB1;VCAM1;CASP7;TXNIP;BANK1;IFIT3;CD274;HLA-A;MVP;PSMB8;ZNFX1;BATF2;NMI;HLA-DQA1;CXCL11;FCGR1A;IL18BP;C1S;MX1;CXCL10;ZBP1;SERPING1;NOD1;USP18;CCL2;FAS;IFIT1;STAT3;SELP;BST2;PSME2;RTP4;IFI27;CASP1;P2RY14;MYD88;OGFR;GPR18;SOD2;MT2A;IRF9;LYSMD2;PFKP;CCL7;RAPGEF6;ISG15;HELZ2;BTG1;CASP4;PLSCR1,Adjusted Degradation High vs Low,Higher in Degradation-High,Genes up-regulated in response to IFNG [GeneID=3458].,2026.1.Hs,-2.14104904831041,5.32556291440681e-10,5.325562914406811e-9,194,UPP1;IFIT3;CASP4;CASP7;CXCL11;HIF1A;CD274;PNP;PFKP;TOR1B;RIPK1;HLA-B;ISG20;PSMA3;HLA-DQA1;TAP1;IFIT2;IL15RA;TNFAIP3;PSMB2;NAMPT;IFNAR2;HLA-A;CMTR1;CXCL9;NUP93;CXCL10;ST8SIA4;IRF8;LAP3;IFI27;RNF213;SPPL2A;LCP2;STAT3;TRIM21;PNPT1;CCL2;SECTM1;CDKN1A;PSMB8;LY6E;PARP12;B2M;KLRK1;ZNFX1;TAPBP;BPGM;EPSTI1;TRIM14;IL18BP;STAT1;IL6;GBP4;PSMB9;LGALS3BP;HLA-DRB1;ICAM1;TRIM25;NLRC5;NFKB1;CD86;OASL;PTPN1;RTP4;IRF1;PIM1;PDE4B;APOL6;SAMD9L;ST3GAL5;CASP1;UBE2L6,Adjusted Sarcosine High vs Low,Sarcosine-Low,3.221864683358,2.14104904831041,TRUE,FALSE,TRUE,TRUE,5.325562914406811e-9,2.14104904831041,APOL6;B2M;CASP1;CASP4;CASP7;CCL2;CD274;CD86;CXCL10;CXCL11;CXCL9;EPSTI1;GBP4;HLA-A;HLA-B;HLA-DQA1;HLA-DRB1;IFI27;IFIT2;IFIT3;IL15RA;IL18BP;IRF1;IRF8;LAP3;LCP2;NFKB1;NLRC5;OASL;PARP12;PFKP;PIM1;PSMB8;PSMB9;RNF213;RTP4;SAMD9L;SECTM1;ST8SIA4;STAT1;STAT3;TAP1;TAPBP;TNFAIP3;TRIM14;TRIM21;UBE2L6;ZNFX1,48,159,0.3018867924528302
HALLMARK_TNFA_SIGNALING_VIA_NFKB,TNF/NF-kappaB inflammatory,TNF-alpha signaling via NF-kappaB,8,Hallmark,2.31174097977251,8.81170951442577e-14,4.22545026392333e-13,183,TNIP1;RELB;IL18;NFKB2;CCL5;CSF1;CFLAR;PTPRE;BIRC3;IL15RA;TNFAIP8;PLEK;IRF1;NFKBIA;CD80;IFIH1;TNFRSF9;TNFAIP2;ID2;GPR183;CD69;EGR2;IFIT2;ZC3H12A;TRAF1;PFKFB3;GCH1;REL;PTGER4;ABCA1;TNFAIP3;TAP1;IL7R;NFKB1;CCL4;ZFP36;CXCL11;FOSL2;CXCL10;TLR2;MAP3K8;TANK;BCL6;CCRL2;CCL2;TNF;AREG;EHD1;SMAD3;KLF2;JUNB;CD83;DUSP2;OLR1;JUN;DRAM1;SOD2;IL1B;SDC4;PTX3;CLCF1;PNRC1;PLAU;BTG1;BTG2;SAT1;PLAUR;TNIP2;G0S2;DUSP1;KLF6;MCL1;PDE4B;EGR3;STAT5A;CEBPD;MXD1;BCL3;KYNU;PER1;TIPARP;PMEPA1;EDN1;LITAF;IL6ST;LDLR;FOS;RIPK2;ATF3;ICAM1;CXCL2;GEM,Adjusted Degradation High vs Low,Higher in Degradation-High,Genes regulated by NF-kB in response to TNF [GeneID=7124].,2026.1.Hs,-2.18582069700479,6.66987429544879e-11,8.33734286931099e-10,193,SLC16A6;PFKFB3;PTPRE;CXCL11;FJX1;BTG3;SERPINB8;RELB;TNFSF9;TGIF1;PMEPA1;SLC2A3;TUBB2A;DUSP5;TAP1;CD80;IFIT2;IL15RA;TNFAIP3;PLAU;NAMPT;BHLHE40;BCL2A1;DENND5A;GADD45B;CXCL10;CLCF1;DRAM1;SMAD3;LIF;SPHK1;PHLDA1;NFKB2;DUSP4;IFNGR2;PLAUR;ZC3H12A;PLEK;PANX1;FOSL1;ATF3;ACKR3;NFIL3;CCL2;CDKN1A;MAFF;INHBA;PLK2;HES1;BIRC2;YRDC;VEGFA;IL6;LDLR;SERPINE1;B4GALT5;CCRL2;SLC2A6;KLF6;SAT1;FOSL2;ICAM1;RELA;NFKB1;TRIB1;HBEGF;TNIP2;FUT4;IRF1;NINJ1;ETS2;BMP2;PDE4B;BCL3;KYNU;IER3;MAP2K3;TRAF1;GEM;PPP1R15A;CD44;RIPK2;MAP3K8;GCH1;KLF10;SOCS3;TIPARP;MXD1;CCL4;EIF1;NFKBIA,Adjusted Sarcosine High vs Low,Sarcosine-Low,2.31174097977251,2.18582069700479,TRUE,FALSE,TRUE,TRUE,8.33734286931099e-10,2.18582069700479,ATF3;BCL3;CCL2;CCL4;CCRL2;CD80;CLCF1;CXCL10;CXCL11;DRAM1;FOSL2;GCH1;GEM;ICAM1;IFIT2;IL15RA;IRF1;KLF6;KYNU;LDLR;MAP3K8;MXD1;NFKB1;NFKB2;NFKBIA;PDE4B;PFKFB3;PLAU;PLAUR;PLEK;PMEPA1;PTPRE;RELB;RIPK2;SAT1;SMAD3;TAP1;TIPARP;TNFAIP3;TNIP2;TRAF1;ZC3H12A,42,141,0.2978723404255319
HALLMARK_INFLAMMATORY_RESPONSE,TNF/NF-kappaB inflammatory,Inflammatory response,9,Hallmark,2.75859685514857,2.23995921696813e-25,1.86663268080678e-24,166,IL10RA;SEMA4D;TNFRSF1B;NOD2;IL18;LCK;RASGRP1;CCL5;NLRP3;CSF1;IL2RB;PTPRE;PIK3R5;IL15RA;CD82;LYN;CYBB;TNFSF10;IL4R;IRF1;NFKBIA;GNA15;TLR3;PTAFR;TNFRSF9;GPR183;CD69;LCP2;CMKLR1;AXL;RHOG;CD40;TLR1;GCH1;CD48;PTGER4;ABCA1;IRF7;CXCL9;SELL;TAPBP;IL7R;NFKB1;C3AR1;IRAK2;SLC31A2;STAB1;CCR7;CD14;NMI;CXCL11;CLEC5A;SCARF1;CXCL10;IL18RAP;TLR2;CXCR6;GP1BA;IL18R1;MSR1;CCRL2;CCL2;LAMP3;CSF3R;ADM;KCNJ2;BST2;RGS1;OLR1;RTP4;MARCO;RGS16;IL1R1;IL1B;IFITM1;ADGRE1;SLAMF1;PDPN;CCL7;GPR132;SLC4A4;PTGER2;BTG2;PLAUR;MEFV;KCNA3;TIMP1;KLF6;PDE4B;ITGA5;MXD1;TACR1;C5AR1;EDN1;LDLR;LPAR1;FPR1;RIPK2;CCL17;ICAM1;SGMS2;ADORA2B;AQP9,Adjusted Degradation High vs Low,Higher in Degradation-High,Genes defining inflammatory response.,2026.1.Hs,-1.77780807328841,7.98454159728467e-6,4.99033849830292e-5,181,ITGB3;SLC7A1;ABI1;PTPRE;CXCL11;SEMA4D;GNAI3;PSEN1;HIF1A;TNFSF9;RASGRP1;SLC31A1;IL15RA;MMP14;PVR;ADM;NAMPT;EREG;CXCL9;CXCL10;LIF;SPHK1;KCNJ2;OSM;IFNGR2;TNFSF15;PLAUR;IRAK2;CD70;LCP2;CCL2;CDKN1A;LY6E;MET;ADORA2B;INHBA;PDPN;TAPBP;P2RY2;ITGA5;IL6;LDLR;SERPINE1;LAMP3;CCRL2;TPBG;KLF6;TIMP1;SELENOS;ICAM1;OSMR;RELA;IFITM1;CXCL8;DCBLD2;NFKB1;HRH1;HBEGF;RTP4;IRF1;PDE4B;PTAFR;LYN;CXCR6;CCL22;ADRM1;BEST1;IL4R;NMI;RIPK2;GCH1;NMUR1,Adjusted Sarcosine High vs Low,Sarcosine-Low,2.75859685514857,1.77780807328841,TRUE,FALSE,TRUE,TRUE,4.99033849830292e-5,1.77780807328841,ADM;ADORA2B;CCL2;CCRL2;CXCL10;CXCL11;CXCL9;CXCR6;GCH1;ICAM1;IFITM1;IL15RA;IL4R;IRAK2;IRF1;ITGA5;KCNJ2;KLF6;LAMP3;LCP2;LDLR;LYN;NFKB1;NMI;PDE4B;PDPN;PLAUR;PTAFR;PTPRE;RASGRP1;RIPK2;RTP4;SEMA4D;TAPBP;TIMP1,35,140,0.25
HALLMARK_INTERFERON_ALPHA_RESPONSE,Broad immune-inflamed state,IFN-alpha response,10,Hallmark,2.97638513429828,3.9933019577624296e-26,3.9933019577624298e-25,94,DDX60;CD74;TRIM21;TRIM14;CSF1;TRAFD1;SP110;SAMD9L;UBA7;EPSTI1;DHX58;IL4R;IRF1;SAMD9;PSMB9;IRF2;OASL;IFI44L;IFI44;B2M;GBP2;IFIH1;HLA-C;PARP14;PSME1;RSAD2;PARP12;IFI35;IFIT2;GBP4;OAS1;PARP9;SLC25A28;LAP3;UBE2L6;CMPK2;CASP8;IL7;IRF7;HERC6;SELL;TAP1;TXNIP;IFIT3;PSMB8;BATF2;NMI;NUB1;CXCL11;LPAR6;CD47;C1S;MX1;CXCL10;CCRL2;USP18;LAMP3;BST2;PSME2;RTP4;IFI27;CASP1;OGFR;MOV10;IFITM1;IRF9;ISG15;HELZ2;PLSCR1;TRIM5,Adjusted Degradation High vs Low,Higher in Degradation-High,Genes up-regulated in response to alpha interferon proteins.,2026.1.Hs,-1.84344455914205,8.08106515704973e-5,4.0405325785248e-4,95,IFIT3;HLA-C;CXCL11;ISG20;PSMA3;NUB1;TAP1;IFIT2;GBP2;CMTR1;CXCL10;LAP3;IFI27;TRIM21;PNPT1;PSMB8;LY6E;PARP12;B2M;EPSTI1;TRIM14;LAMP3;GBP4;PSMB9;CCRL2;LGALS3BP;TRIM25;IFITM1;OASL;RTP4;IRF1;GMPR;SAMD9L;CASP1;UBE2L6;CMPK2;IL4R;NMI;SAMD9;RIPK2,Adjusted Sarcosine High vs Low,Sarcosine-Low,2.97638513429828,1.84344455914205,TRUE,FALSE,TRUE,TRUE,4.0405325785248e-4,1.84344455914205,B2M;CASP1;CCRL2;CMPK2;CXCL10;CXCL11;EPSTI1;GBP2;GBP4;HLA-C;IFI27;IFIT2;IFIT3;IFITM1;IL4R;IRF1;LAMP3;LAP3;NMI;NUB1;OASL;PARP12;PSMB8;PSMB9;RTP4;SAMD9;SAMD9L;TAP1;TRIM14;TRIM21;UBE2L6,31,79,0.3924050632911392
HALLMARK_COMPLEMENT,Broad immune-inflamed state,Complement,11,Hallmark,2.51060702970976,1.5014310956099398e-18,9.38394434756212e-18,177,PIK3CG;WAS;APOBEC3G;GZMK;LCK;RASGRP1;CCL5;PHEX;PIK3R5;LYN;PIM1;GZMA;PLEK;IRF1;GATA3;PSMB9;IRF2;LCP2;JAK2;ITGAM;RHOG;SPOCK2;C1QC;APOBEC3F;C1QA;LAP3;CD40LG;ERAP2;CTSH;SERPINA1;TNFAIP3;C3;IRF7;C1R;CTSS;CLU;CASP7;STX4;F5;FCER1G;CTSO;CASP10;C1S;GP1BA;CTSC;SERPING1;CR1;CASP5;CP;CR2;DOCK10;EHD1;SH2B3;ME1;USP15;GNAI2;OLR1;C2;AKAP10;CASP1;APOC1;KLKB1;F8;TFPI2;GZMB;GNG2;ZEB1;FCN1;PLAUR;CASP4;DPP4;PLSCR1;LIPA;CPM;TIMP1;CBLB;PDGFB;CA2;KYNU;GCA;GRB2;PLA2G7,Adjusted Degradation High vs Low,Higher in Degradation-High,"Genes encoding components of the complement system, which is part of the innate immune system.",2026.1.Hs,-1.42960385113232,0.00301915275025946,0.00922037953075744,184,CASP4;CASP7;XPNPEP1;GNAI3;PRDM4;PSEN1;LGALS3;CTSL;APOC1;RASGRP1;PLA2G7;RNF4;C2;DUSP5;TNFAIP3;MMP14;HSPA5;CTSB;F5;PREP;ACTN2;ADAM9;LGMN;USP14;ANXA5;USP8;CTSD;LAP3;PHEX;PLAUR;PLEK;PDGFB;LCP2;MAFF;GRB2;FN1;GZMB;CDH13;AKAP10;GMFB;CALM1;VCPIP1;IL6;SERPINE1,Adjusted Sarcosine High vs Low,Sarcosine-Low,2.51060702970976,1.42960385113232,TRUE,FALSE,TRUE,TRUE,0.00922037953075744,1.42960385113232,AKAP10;APOC1;C2;CASP4;CASP7;F5;GRB2;GZMB;LAP3;LCP2;PDGFB;PHEX;PLA2G7;PLAUR;PLEK;RASGRP1;TNFAIP3,17,109,0.1559633027522936
